objectid,filename,format,title,title_ar,script_en,script_ar,description,description_ar,creator,creator_ar,date,date_note,subject,subject_ar,material,material_ar,technique,technique_ar,content_en,content_ar,dimensions,language,type,inscription,piece_number,sort_order,source_file,additional_files,instagram,file_matched
wd-001,1WD_70x90.JPG,image/jpeg,On this earth is what deserves life — Kufic and Naskh,على هذه الأرض ما يستحق الحياة، الخط الكوفي والنسخ,Kufic and Naskh,كوفي وخط النسخ,Inlaid wood. The inscription “On this earth is what deserves life — Kufic and Naskh” is written in Kufic and Naskh. Dimensions: 70 × 90 cm.,خشب مطعم. نقش «على هذه الأرض ما يستحق الحياة، الخط الكوفي والنسخ» مكتوب بالكوفي وخط النسخ. المقاس: 70 × 90 سم.,Muhammed Saied Kalash,محمد سعيد كلش,,,Wood; Text; Calligraphy; Kufic and Naskh,خشب؛ خط؛ خط عربي؛ كوفي وخط النسخ,Wood,خشب,Inlaid wood,خشب مطعم,Text,خط,70 × 90 cm,ara; eng,Image;StillImage,على هذه الارض ما يستحق الحياة، الخط الكوفي والنسخ,1,1,wood works/1WD_70x90.JPG,,no,yes
wd-005,5WD_40x60.JPG,image/jpeg,"Say: He is God, One (Al-Ikhlas)",قل هو الله أحد,Thuluth,خط الثلث,"Inlaid wood. The inscription “Say: He is God, One (Al-Ikhlas)” is written in Thuluth. Dimensions: 40 × 60 cm.",خشب مطعم. نقش «قل هو الله أحد» مكتوب بخط الثلث. المقاس: 40 × 60 سم.,Muhammed Saied Kalash,محمد سعيد كلش,,,Wood; Text; Calligraphy; Thuluth,خشب؛ خط؛ خط عربي؛ خط الثلث,Wood,خشب,Inlaid wood,خشب مطعم,Text,خط,40 × 60 cm,ara; eng,Image;StillImage,قل هو الله احد,5,2,wood works/5WD_40x60.JPG,,no,yes
wd-006,6WD_50x50.JPG,image/jpeg,And He taught you what you did not know,وعلّمك ما لم تكن تعلم,Thuluth,خط الثلث,Inlaid wood. The inscription “And He taught you what you did not know” is written in Thuluth. Dimensions: 50 × 50 cm.,خشب مطعم. نقش «وعلّمك ما لم تكن تعلم» مكتوب بخط الثلث. المقاس: 50 × 50 سم.,Muhammed Saied Kalash,محمد سعيد كلش,,,Wood; Text; Calligraphy; Thuluth,خشب؛ خط؛ خط عربي؛ خط الثلث,Wood,خشب,Inlaid wood,خشب مطعم,Text,خط,50 × 50 cm,ara; eng,Image;StillImage,وعلمك ما لم تعلم,6,3,wood works/6WD_50x50.JPG,,yes,yes
wd-007,7WD_50x70.JPG,image/jpeg,Might belongs to God; dominion belongs to God,العزة لله، الملك لله,Geometric Kufic,كوفي هندسي,Inlaid wood. The inscription “Might belongs to God; dominion belongs to God” is written in Geometric Kufic. Dimensions: 50 × 70 cm.,خشب مطعم. نقش «العزة لله، الملك لله» مكتوب بالكوفي الهندسي. المقاس: 50 × 70 سم.,Muhammed Saied Kalash,محمد سعيد كلش,,,Wood; Text; Calligraphy; Geometric Kufic,خشب؛ خط؛ خط عربي؛ كوفي هندسي,Wood,خشب,Inlaid wood,خشب مطعم,Text,خط,50 × 70 cm,ara; eng,Image;StillImage,"العزة لله, الملك لله",7,4,wood works/7WD_50x70.JPG,,no,yes
wd-008,8WD_40x60.JPG,image/jpeg,"Did We not expand for you your breast, and lift from you your burden (Ash-Sharh)",ألم نشرح لك صدرك ووضعنا عنك وزرك,Thuluth,خط الثلث,"Inlaid wood. The inscription “Did We not expand for you your breast, and lift from you your burden (Ash-Sharh)” is written in Thuluth. Dimensions: 40 × 60 cm.",خشب مطعم. نقش «ألم نشرح لك صدرك ووضعنا عنك وزرك» مكتوب بخط الثلث. المقاس: 40 × 60 سم.,Muhammed Saied Kalash,محمد سعيد كلش,,,Wood; Text; Calligraphy; Thuluth,خشب؛ خط؛ خط عربي؛ خط الثلث,Wood,خشب,Inlaid wood,خشب مطعم,Text,خط,40 × 60 cm,ara; eng,Image;StillImage,الم نشرح لك صدرك ووضعنا عنك وزرك,8,5,wood works/8WD_40x60.JPG,,no,yes
wd-009,9WD_52x78.JPG,image/jpeg,Patience is the key to relief,الصبر مفتاح الفرج,Geometric Kufic,كوفي هندسي,Inlaid wood. The inscription “Patience is the key to relief” is written in Geometric Kufic. Dimensions: 52 × 78 cm.,خشب مطعم. نقش «الصبر مفتاح الفرج» مكتوب بالكوفي الهندسي. المقاس: 52 × 78 سم.,Muhammed Saied Kalash,محمد سعيد كلش,,,Wood; Text; Calligraphy; Geometric Kufic,خشب؛ خط؛ خط عربي؛ كوفي هندسي,Wood,خشب,Inlaid wood,خشب مطعم,Text,خط,52 × 78 cm,ara; eng,Image;StillImage,الصبر مفتاح الفرج,9,6,wood works/9WD_52x78.JPG,,yes,yes
wd-010,10WD_36x78.JPG,image/jpeg,This is from the grace of my Lord,هذا من فضل ربي,Foliated Kufic,كوفي مزهر,Inlaid wood. The inscription “This is from the grace of my Lord” is written in Foliated Kufic. Dimensions: 36 × 78 cm.,خشب مطعم. نقش «هذا من فضل ربي» مكتوب بالكوفي المزهر. المقاس: 36 × 78 سم.,Muhammed Saied Kalash,محمد سعيد كلش,,,Wood; Text; Calligraphy; Foliated Kufic,خشب؛ خط؛ خط عربي؛ كوفي مزهر,Wood,خشب,Inlaid wood,خشب مطعم,Text,خط,36 × 78 cm,ara; eng,Image;StillImage,هذا من فضل ربي,10,7,wood works/10WD_36x78.JPG,,yes,yes
wd-012,12WD_40x60.JPG,image/jpeg,"Say: He is God, One (Al-Ikhlas)",قل هو الله أحد,Thuluth,خط الثلث,"Inlaid wood. The inscription “Say: He is God, One (Al-Ikhlas)” is written in Thuluth. Dimensions: 40 × 60 cm.",خشب مطعم. نقش «قل هو الله أحد» مكتوب بخط الثلث. المقاس: 40 × 60 سم.,Muhammed Saied Kalash,محمد سعيد كلش,,,Wood; Text; Calligraphy; Thuluth,خشب؛ خط؛ خط عربي؛ خط الثلث,Wood,خشب,Inlaid wood,خشب مطعم,Text,خط,40 × 60 cm,ara; eng,Image;StillImage,قل هو الله احد,12,8,wood works/12WD_40x60.JPG,,no,yes
wd-013,13WD_68x86.JPG,image/jpeg,Surah An-Nas,سورة الناس,Square Kufic,كوفي مربّع,Inlaid wood. The inscription “Surah An-Nas” is written in Square Kufic. Dimensions: 68 × 82 cm.,خشب مطعم. نقش «سورة الناس» مكتوب بالكوفي المربّع. المقاس: 68 × 82 سم.,Muhammed Saied Kalash,محمد سعيد كلش,,,Wood; Text; Calligraphy; Square Kufic,خشب؛ خط؛ خط عربي؛ كوفي مربّع,Wood,خشب,Inlaid wood,خشب مطعم,Text,خط,68 × 82 cm,ara; eng,Image;StillImage,سورة الناس,13,9,wood works/13WD_68x86.JPG,,no,yes
wd-016,16WD_46x32.JPG,image/jpeg,Say: Are those who know equal to those who do not know?,قل هل يستوي الذين يعلمون والذين لا يعلمون,Thuluth,خط الثلث,Inlaid wood. The inscription “Say: Are those who know equal to those who do not know?” is written in Thuluth. Dated 1993. Dimensions: 32 × 46 cm.,خشب مطعم. نقش «قل هل يستوي الذين يعلمون والذين لا يعلمون» مكتوب بخط الثلث. أُنجز عام ١٩٩٣. المقاس: 32 × 46 سم.,Muhammed Saied Kalash,محمد سعيد كلش,1993,,Wood; Text; Calligraphy; Thuluth,خشب؛ خط؛ خط عربي؛ خط الثلث,Wood,خشب,Inlaid wood,خشب مطعم,Text,خط,32 × 46 cm,ara; eng,Image;StillImage,قل هل يستوي الذين يعلمون. والذين لا يعلمون,16,10,wood works/16WD_46x32.JPG,,no,yes
wd-017,17WD_34x39.JPG,image/jpeg,Dominion belongs to God,الملك لله,Geometric Kufic,كوفي هندسي,Inlaid wood. The inscription “Dominion belongs to God” is written in Geometric Kufic. Dated 2006. Dimensions: 34 × 39 cm.,خشب مطعم. نقش «الملك لله» مكتوب بالكوفي الهندسي. أُنجز عام ٢٠٠٦. المقاس: 34 × 39 سم.,Muhammed Saied Kalash,محمد سعيد كلش,2006,,Wood; Text; Calligraphy; Geometric Kufic,خشب؛ خط؛ خط عربي؛ كوفي هندسي,Wood,خشب,Inlaid wood,خشب مطعم,Text,خط,34 × 39 cm,ara; eng,Image;StillImage,الملك لله,17,11,wood works/17WD_34x39.JPG,,yes,yes
wd-018,18WD_8polygone46.JPG,image/jpeg,God is Greatest,الله أكبر,Thuluth,خط الثلث,Inlaid wood. The inscription “God is Greatest” is written in Thuluth. Dated 1991. Dimensions: 8 polygone 46 cm.,خشب مطعم. نقش «الله أكبر» مكتوب بخط الثلث. أُنجز عام ١٩٩١. المقاس: 8 polygone 46 سم.,Muhammed Saied Kalash,محمد سعيد كلش,1991,,Wood; Text; Calligraphy; Thuluth,خشب؛ خط؛ خط عربي؛ خط الثلث,Wood,خشب,Inlaid wood,خشب مطعم,Text,خط,8 polygone 46 cm,ara; eng,Image;StillImage,الله اكبر,18,12,wood works/18WD_8polygone46.JPG,,no,yes
wd-020,20W_79x41.JPG,image/jpeg,Resolves come according to the people of resolve (Al-Mutanabbi),على قدر أهل العزم تأتي العزائم وتأتي على قدر الكرام المكارم (المتنبي),Naskh,خط النسخ,Inlaid wood. The inscription “Resolves come according to the people of resolve (Al-Mutanabbi)” is written in Naskh. Dated 2009. Dimensions: 79 × 41 cm.,خشب مطعم. نقش «على قدر أهل العزم تأتي العزائم وتأتي على قدر الكرام المكارم (المتنبي)» مكتوب بخط النسخ. أُنجز عام ٢٠٠٩. المقاس: 79 × 41 سم.,Muhammed Saied Kalash,محمد سعيد كلش,2009,,Wood; Text; Calligraphy; Naskh,خشب؛ خط؛ خط عربي؛ خط النسخ,Wood,خشب,Inlaid wood,خشب مطعم,Text,خط,79 × 41 cm,ara; eng,Image;StillImage,على قدر اهل العزائم تأتي العزائم وتأتي على قدر الكرم المكارم (المتنبي),20,13,wood works/20W_79x41.JPG,,no,yes
wd-023,23WD_71x100.JPG,image/jpeg,"And He taught you what you did not know, and the favor of God upon you has been great",وعلّمك ما لم تكن تعلم وكان فضل الله عليك عظيماً,Thuluth,خط الثلث,"Inlaid wood. The inscription “And He taught you what you did not know, and the favor of God upon you has been great” is written in Thuluth. Dated 2009. Dimensions: 71 × 100 cm.",خشب مطعم. نقش «وعلّمك ما لم تكن تعلم وكان فضل الله عليك عظيماً» مكتوب بخط الثلث. أُنجز عام ٢٠٠٩. المقاس: 71 × 100 سم.,Muhammed Saied Kalash,محمد سعيد كلش,2009,,Wood; Text; Calligraphy; Thuluth,خشب؛ خط؛ خط عربي؛ خط الثلث,Wood,خشب,Inlaid wood,خشب مطعم,Text,خط,71 × 100 cm,ara; eng,Image;StillImage,وعلمك ما لم تكن تعلم وكان فضل الله عليك عظيما,23,14,wood works/23WD_71x100.JPG,,no,yes
wd-024,24WD_60D.JPG,image/jpeg,Glory be to God,سبحان الله,Thuluth,خط الثلث,Inlaid wood. The inscription “Glory be to God” is written in Thuluth. Dated 2009. Dimensions: 60 cm Ø.,خشب مطعم. نقش «سبحان الله» مكتوب بخط الثلث. أُنجز عام ٢٠٠٩. المقاس: 60 سم Ø.,Muhammed Saied Kalash,محمد سعيد كلش,2009,,Wood; Text; Calligraphy; Thuluth,خشب؛ خط؛ خط عربي؛ خط الثلث,Wood,خشب,Inlaid wood,خشب مطعم,Text,خط,60 cm Ø,ara; eng,Image;StillImage,سبحان الله,24,15,wood works/24WD_60D.JPG,,yes,yes
wd-025,25WD_90x42.JPG,image/jpeg,"In the name of God, I ask You for the good of entering and the good of leaving…",بسم الله إني أسألك خير المولج وخير المخرج، بسم الله ولجنا وبسم الله خرجنا وعلى الله ربنا توكلنا,Naskh,خط النسخ,"Inlaid wood. The inscription “In the name of God, I ask You for the good of entering and the good of leaving…” is written in Naskh. Dimensions: 90 × 42 cm. Full inscription is given in Arabic.",خشب مطعم. نقش «بسم الله إني أسألك خير المولج وخير المخرج، بسم الله ولجنا وبسم الله خرجنا وعلى الله ربنا توكلنا» مكتوب بخط النسخ. المقاس: 90 × 42 سم. النص الكامل: بسم الله اني اسألك خير المولج وخير المخرج، بسم الله ولجنا وبسم الله خرجنا وعلى الله ربنا توكلنا,Muhammed Saied Kalash,محمد سعيد كلش,,,Wood; Text; Calligraphy; Naskh,خشب؛ خط؛ خط عربي؛ خط النسخ,Wood,خشب,Inlaid wood,خشب مطعم,Text,خط,90 × 42 cm,ara; eng,Image;StillImage,بسم الله اني اسألك خير المولج وخير المخرج، بسم الله ولجنا وبسم الله خرجنا وعلى الله ربنا توكلنا,25,16,wood works/25WD_90x42.JPG,,no,yes
wd-026,26WD_68x40.JPG,image/jpeg,"In the name of God, the Most Gracious, the Most Merciful",بسم الله الرحمن الرحيم,Geometric Kufic,كوفي هندسي,"Inlaid wood. The inscription “In the name of God, the Most Gracious, the Most Merciful” is written in Geometric Kufic. Dimensions: 68 × 40 cm.",خشب مطعم. نقش «بسم الله الرحمن الرحيم» مكتوب بالكوفي الهندسي. المقاس: 68 × 40 سم.,Muhammed Saied Kalash,محمد سعيد كلش,,,Wood; Text; Calligraphy; Geometric Kufic,خشب؛ خط؛ خط عربي؛ كوفي هندسي,Wood,خشب,Inlaid wood,خشب مطعم,Text,خط,68 × 40 cm,ara; eng,Image;StillImage,بسم الله الرحمن الرحيم,26,17,wood works/26WD_68x40.JPG,,yes,yes
wd-027,27WD_71x39.JPG,image/jpeg,"And say: Act, for God will see your deeds, and His Messenger and the believers (At-Tawbah 105)",وقل اعملوا فسيرى الله عملكم ورسوله والمؤمنون,Thuluth,خط الثلث,"Inlaid wood. The inscription “And say: Act, for God will see your deeds, and His Messenger and the believers (At-Tawbah 105)” is written in Thuluth. Dated 1998. Dimensions: 71 × 39 cm.",خشب مطعم. نقش «وقل اعملوا فسيرى الله عملكم ورسوله والمؤمنون» مكتوب بخط الثلث. أُنجز عام ١٩٩٨. المقاس: 71 × 39 سم.,Muhammed Saied Kalash,محمد سعيد كلش,1998,,Wood; Text; Calligraphy; Thuluth,خشب؛ خط؛ خط عربي؛ خط الثلث,Wood,خشب,Inlaid wood,خشب مطعم,Text,خط,71 × 39 cm,ara; eng,Image;StillImage,وقل اعملوا فسيرى الله عملكم ورسوله والمؤمنين,27,18,wood works/27WD_71x39.JPG,,no,yes
wd-029,29WD_99x70.JPG,image/jpeg,"God is Greatest, and all praise belongs to God",الله أكبر ولله الحمد,Kufic and Thuluth,كوفي وخط الثلث,"Inlaid wood. The inscription “God is Greatest, and all praise belongs to God” is written in Kufic and Thuluth. Dimensions: 99 × 70 cm.",خشب مطعم. نقش «الله أكبر ولله الحمد» مكتوب بالكوفي وخط الثلث. المقاس: 99 × 70 سم.,Muhammed Saied Kalash,محمد سعيد كلش,,,Wood; Text; Calligraphy; Kufic and Thuluth,خشب؛ خط؛ خط عربي؛ كوفي وخط الثلث,Wood,خشب,Inlaid wood,خشب مطعم,Text,خط,99 × 70 cm,ara; eng,Image;StillImage,الله اكبر ولله الحمد,29,19,wood works/29WD_99x70.JPG,,no,yes
wd-030,30WD_79x122.JPG,image/jpeg,"God — there is no god except Him, the Ever-Living, the Sustainer",الله لا إله إلا هو الحي القيوم,Foliated Kufic,كوفي مزهر,"Inlaid wood. The inscription “God — there is no god except Him, the Ever-Living, the Sustainer” is written in Foliated Kufic. Dimensions: 79 × 122 cm.",خشب مطعم. نقش «الله لا إله إلا هو الحي القيوم» مكتوب بالكوفي المزهر. المقاس: 79 × 122 سم.,Muhammed Saied Kalash,محمد سعيد كلش,,,Wood; Text; Calligraphy; Foliated Kufic,خشب؛ خط؛ خط عربي؛ كوفي مزهر,Wood,خشب,Inlaid wood,خشب مطعم,Text,خط,79 × 122 cm,ara; eng,Image;StillImage,الله لا الله الا هو الحي القيوم,30,20,wood works/30WD_79x122.JPG,,no,yes
wd-032,32WD_83x83.JPG,image/jpeg,"My Lord, enable me to be grateful for Your favor which You have bestowed upon me and upon my parents, and to do righteous work that You approve",ربِّ أوزعني أن أشكر نعمتك التي أنعمت عليّ وعلى والديّ وأن أعمل صالحاً ترضاه,Thuluth,خط الثلث,"Inlaid wood. The inscription “My Lord, enable me to be grateful for Your favor which You have bestowed upon me and upon my parents, and to do righteous work that You approve” is written in Thuluth. Dimensions: 83 × 83 cm.",خشب مطعم. نقش «ربِّ أوزعني أن أشكر نعمتك التي أنعمت عليّ وعلى والديّ وأن أعمل صالحاً ترضاه» مكتوب بخط الثلث. المقاس: 83 × 83 سم.,Muhammed Saied Kalash,محمد سعيد كلش,,,Wood; Text; Calligraphy; Thuluth,خشب؛ خط؛ خط عربي؛ خط الثلث,Wood,خشب,Inlaid wood,خشب مطعم,Text,خط,83 × 83 cm,ara; eng,Image;StillImage,ربي اوعزني ان اشكر نعمتك التي انعمت علي وعلى والدي وان اعمل صالحا ترضاه,32,21,wood works/32WD_83x83.JPG,,no,yes
wd-033,33WD_85x85.JPG,image/jpeg,Recite in the name of your Lord who created (Al-Alaq),اقرأ باسم ربك الذي خلق، خلق الإنسان من علق، اقرأ وربك الأكرم الذي علّم بالقلم,Thuluth,خط الثلث,Inlaid wood. The inscription “Recite in the name of your Lord who created (Al-Alaq)” is written in Thuluth. Dimensions: 85 × 85 cm. Full inscription is given in Arabic.,خشب مطعم. نقش «اقرأ باسم ربك الذي خلق، خلق الإنسان من علق، اقرأ وربك الأكرم الذي علّم بالقلم» مكتوب بخط الثلث. المقاس: 85 × 85 سم. النص الكامل: اقرأ باسم ربك الذي خلق، خلق الانسان من علق،اقرأ وربك الاكرم، الذي علم بالقلم,Muhammed Saied Kalash,محمد سعيد كلش,,,Wood; Text; Calligraphy; Thuluth,خشب؛ خط؛ خط عربي؛ خط الثلث,Wood,خشب,Inlaid wood,خشب مطعم,Text,خط,85 × 85 cm,ara; eng,Image;StillImage,اقرأ باسم ربك الذي خلق، خلق الانسان من علق،اقرأ وربك الاكرم، الذي علم بالقلم,33,22,wood works/33WD_85x85.JPG,,no,yes
wd-034,34WD_83x83.JPG,image/jpeg,"Our Lord, we have believed, so forgive us and have mercy on us; You are the best of the merciful",ربنا آمنا فاغفر لنا وارحمنا وأنت خير الراحمين,Kufic and Thuluth,كوفي وخط الثلث,"Inlaid wood. The inscription “Our Lord, we have believed, so forgive us and have mercy on us; You are the best of the merciful” is written in Kufic and Thuluth. Dimensions: 83 × 83 cm.",خشب مطعم. نقش «ربنا آمنا فاغفر لنا وارحمنا وأنت خير الراحمين» مكتوب بالكوفي وخط الثلث. المقاس: 83 × 83 سم.,Muhammed Saied Kalash,محمد سعيد كلش,,,Wood; Text; Calligraphy; Kufic and Thuluth,خشب؛ خط؛ خط عربي؛ كوفي وخط الثلث,Wood,خشب,Inlaid wood,خشب مطعم,Text,خط,83 × 83 cm,ara; eng,Image;StillImage,ربنا آمنا فأغفر لنا وارحمنا وانت خير الرحمين,34,23,wood works/34WD_83x83.JPG,,no,yes
wd-035,35WD_78x31.JPG,image/jpeg,This is from the grace of my Lord,هذا من فضل ربي,Foliated Kufic,كوفي مزهر,Inlaid wood. The inscription “This is from the grace of my Lord” is written in Foliated Kufic. Dated 1997. Dimensions: 78 × 31 cm.,خشب مطعم. نقش «هذا من فضل ربي» مكتوب بالكوفي المزهر. أُنجز عام ١٩٩٧. المقاس: 78 × 31 سم.,Muhammed Saied Kalash,محمد سعيد كلش,1997,,Wood; Text; Calligraphy; Foliated Kufic,خشب؛ خط؛ خط عربي؛ كوفي مزهر,Wood,خشب,Inlaid wood,خشب مطعم,Text,خط,78 × 31 cm,ara; eng,Image;StillImage,هذا من فضل ربي,35,24,wood works/35WD_78x31.JPG,,no,yes
wd-036,36WD_71x41.JPG,image/jpeg,"In the name of God, the Most Gracious, the Most Merciful",بسم الله الرحمن الرحيم,Geometric Kufic,كوفي هندسي,"Inlaid wood. The inscription “In the name of God, the Most Gracious, the Most Merciful” is written in Geometric Kufic. Dimensions: 71 × 41 cm.",خشب مطعم. نقش «بسم الله الرحمن الرحيم» مكتوب بالكوفي الهندسي. المقاس: 71 × 41 سم.,Muhammed Saied Kalash,محمد سعيد كلش,,,Wood; Text; Calligraphy; Geometric Kufic,خشب؛ خط؛ خط عربي؛ كوفي هندسي,Wood,خشب,Inlaid wood,خشب مطعم,Text,خط,71 × 41 cm,ara; eng,Image;StillImage,بسم الله الرحمن الرحيم,36,25,wood works/36WD_71x41.JPG,,yes,yes
wd-037,37WD_107x38.JPG,image/jpeg,"Our Lord, grant us mercy from Yourself and prepare for us from our affair right guidance",ربنا آتنا من لدنك رحمة وهيئ لنا من أمرنا رشداً,Thuluth,خط الثلث,"Inlaid wood. The inscription “Our Lord, grant us mercy from Yourself and prepare for us from our affair right guidance” is written in Thuluth. Dated 1991. Dimensions: 107 × 38 cm.",خشب مطعم. نقش «ربنا آتنا من لدنك رحمة وهيئ لنا من أمرنا رشداً» مكتوب بخط الثلث. أُنجز عام ١٩٩١. المقاس: 107 × 38 سم.,Muhammed Saied Kalash,محمد سعيد كلش,1991,,Wood; Text; Calligraphy; Thuluth,خشب؛ خط؛ خط عربي؛ خط الثلث,Wood,خشب,Inlaid wood,خشب مطعم,Text,خط,107 × 38 cm,ara; eng,Image;StillImage,ربنا آتنا من لدنك رحمة وهيئ لنا من امرنا رشدا,37,26,wood works/37WD_107x38.JPG,,no,yes
wd-038,38WD_87x26.JPG,image/jpeg,What God wills; there is no power except with God,ما شاء الله لا قوة إلا بالله,Thuluth,خط الثلث,Inlaid wood. The inscription “What God wills; there is no power except with God” is written in Thuluth. Dated 2005. Dimensions: 87 × 26 cm.,خشب مطعم. نقش «ما شاء الله لا قوة إلا بالله» مكتوب بخط الثلث. أُنجز عام ٢٠٠٥. المقاس: 87 × 26 سم.,Muhammed Saied Kalash,محمد سعيد كلش,2005,,Wood; Text; Calligraphy; Thuluth,خشب؛ خط؛ خط عربي؛ خط الثلث,Wood,خشب,Inlaid wood,خشب مطعم,Text,خط,87 × 26 cm,ara; eng,Image;StillImage,ما شاء الله لا قوة الا بالله,38,27,wood works/38WD_87x26.JPG,,no,yes
wd-039,39WD_80x41.JPG,image/jpeg,God is sufficient for me,حسبي الله,Geometric Kufic,كوفي هندسي,Inlaid wood. The inscription “God is sufficient for me” is written in Geometric Kufic. Dated 2008. Dimensions: 80 × 41 cm.,خشب مطعم. نقش «حسبي الله» مكتوب بالكوفي الهندسي. أُنجز عام ٢٠٠٨. المقاس: 80 × 41 سم.,Muhammed Saied Kalash,محمد سعيد كلش,2008,,Wood; Text; Calligraphy; Geometric Kufic,خشب؛ خط؛ خط عربي؛ كوفي هندسي,Wood,خشب,Inlaid wood,خشب مطعم,Text,خط,80 × 41 cm,ara; eng,Image;StillImage,حسبي الله,39,28,wood works/39WD_80x41.JPG,,no,yes
wd-040,40WD_25x40.JPG,image/jpeg,Allah,الله,Geometric Kufic,كوفي هندسي,Inlaid wood. The inscription “Allah” is written in Geometric Kufic. Dimensions: 25 × 40 cm.,خشب مطعم. نقش «الله» مكتوب بالكوفي الهندسي. المقاس: 25 × 40 سم.,Muhammed Saied Kalash,محمد سعيد كلش,,,Wood; Text; Calligraphy; Geometric Kufic,خشب؛ خط؛ خط عربي؛ كوفي هندسي,Wood,خشب,Inlaid wood,خشب مطعم,Text,خط,25 × 40 cm,ara; eng,Image;StillImage,GOD\الله,40,29,wood works/40WD_25x40.JPG,,no,yes
wd-041,41WD_25x40.JPG,image/jpeg,Allah,الله,Geometric Kufic,كوفي هندسي,Inlaid wood. The inscription “Allah” is written in Geometric Kufic. Dimensions: 25 × 40 cm.,خشب مطعم. نقش «الله» مكتوب بالكوفي الهندسي. المقاس: 25 × 40 سم.,Muhammed Saied Kalash,محمد سعيد كلش,,,Wood; Text; Calligraphy; Geometric Kufic,خشب؛ خط؛ خط عربي؛ كوفي هندسي,Wood,خشب,Inlaid wood,خشب مطعم,Text,خط,25 × 40 cm,ara; eng,Image;StillImage,GOD\الله,41,30,wood works/41WD_25x40.JPG,,no,yes
wd-042,42WD_32x42.JPG,image/jpeg,"My Lord, expand for me my breast",ربِّ اشرح لي صدري,Thuluth,خط الثلث,"Inlaid wood. The inscription “My Lord, expand for me my breast” is written in Thuluth. Dated 2011. Dimensions: 32 × 42 cm.",خشب مطعم. نقش «ربِّ اشرح لي صدري» مكتوب بخط الثلث. أُنجز عام ٢٠١١. المقاس: 32 × 42 سم.,Muhammed Saied Kalash,محمد سعيد كلش,2011,,Wood; Text; Calligraphy; Thuluth,خشب؛ خط؛ خط عربي؛ خط الثلث,Wood,خشب,Inlaid wood,خشب مطعم,Text,خط,32 × 42 cm,ara; eng,Image;StillImage,ربي اشرح لي صدري,42,31,wood works/42WD_32x42.JPG,,no,yes
wd-045,45WD_80x42.JPG,image/jpeg,Resolves come according to the people of resolve (Al-Mutanabbi),على قدر أهل العزم تأتي العزائم وتأتي على قدر الكرام المكارم (المتنبي),Naskh,خط النسخ,Inlaid wood. The inscription “Resolves come according to the people of resolve (Al-Mutanabbi)” is written in Naskh. Dimensions: 80 × 42 cm.,خشب مطعم. نقش «على قدر أهل العزم تأتي العزائم وتأتي على قدر الكرام المكارم (المتنبي)» مكتوب بخط النسخ. المقاس: 80 × 42 سم.,Muhammed Saied Kalash,محمد سعيد كلش,,,Wood; Text; Calligraphy; Naskh,خشب؛ خط؛ خط عربي؛ خط النسخ,Wood,خشب,Inlaid wood,خشب مطعم,Text,خط,80 × 42 cm,ara; eng,Image;StillImage,على قدر اهل العزائم تأتي العزائم وتأتي على قدر الكرم المكارم (المتنبي),45,32,wood works/45WD_80x42.JPG,,no,yes
wd-046,46WD_25x40.JPG,image/jpeg,Allah,الله,Geometric Kufic,كوفي هندسي,Inlaid wood. The inscription “Allah” is written in Geometric Kufic. Dimensions: 25 × 40 cm.,خشب مطعم. نقش «الله» مكتوب بالكوفي الهندسي. المقاس: 25 × 40 سم.,Muhammed Saied Kalash,محمد سعيد كلش,,,Wood; Text; Calligraphy; Geometric Kufic,خشب؛ خط؛ خط عربي؛ كوفي هندسي,Wood,خشب,Inlaid wood,خشب مطعم,Text,خط,25 × 40 cm,ara; eng,Image;StillImage,GOD\الله,46,33,wood works/46WD_25x40.JPG,,no,yes
wd-047,47WD_65x56.JPG,image/jpeg,"In the name of God, the Most Gracious, the Most Merciful, and from Him we seek help",بسم الله الرحمن الرحيم وبه نستعين,Kufic and Thuluth,كوفي وخط الثلث,"Inlaid wood. The inscription “In the name of God, the Most Gracious, the Most Merciful, and from Him we seek help” is written in Kufic and Thuluth. Dimensions: 65 × 56 cm.",خشب مطعم. نقش «بسم الله الرحمن الرحيم وبه نستعين» مكتوب بالكوفي وخط الثلث. المقاس: 65 × 56 سم.,Muhammed Saied Kalash,محمد سعيد كلش,,,Wood; Text; Calligraphy; Kufic and Thuluth,خشب؛ خط؛ خط عربي؛ كوفي وخط الثلث,Wood,خشب,Inlaid wood,خشب مطعم,Text,خط,65 × 56 cm,ara; eng,Image;StillImage,ببسم الله الرحمن الرحيم وبه نستعين,47,34,wood works/47WD_65x56.JPG,,yes,yes
wd-049,49WD_27x37.JPG,image/jpeg,"My Lord, expand for me my breast",ربِّ اشرح لي صدري,Thuluth,خط الثلث,"Inlaid wood. The inscription “My Lord, expand for me my breast” is written in Thuluth. Dimensions: 27 × 37 cm.",خشب مطعم. نقش «ربِّ اشرح لي صدري» مكتوب بخط الثلث. المقاس: 27 × 37 سم.,Muhammed Saied Kalash,محمد سعيد كلش,,,Wood; Text; Calligraphy; Thuluth,خشب؛ خط؛ خط عربي؛ خط الثلث,Wood,خشب,Inlaid wood,خشب مطعم,Text,خط,27 × 37 cm,ara; eng,Image;StillImage,ربي اشرح لي صدري,49,35,wood works/49WD_27x37.JPG,,no,yes
wd-050,50WD_43x32.JPG,image/jpeg,Your Lord said: Call upon Me; I will respond to you,وقال ربكم ادعوني أستجب لكم,Thuluth,خط الثلث,Inlaid wood. The inscription “Your Lord said: Call upon Me; I will respond to you” is written in Thuluth. Dated 1995. Dimensions: 43 × 32 cm.,خشب مطعم. نقش «وقال ربكم ادعوني أستجب لكم» مكتوب بخط الثلث. أُنجز عام ١٩٩٥. المقاس: 43 × 32 سم.,Muhammed Saied Kalash,محمد سعيد كلش,1995,,Wood; Text; Calligraphy; Thuluth,خشب؛ خط؛ خط عربي؛ خط الثلث,Wood,خشب,Inlaid wood,خشب مطعم,Text,خط,43 × 32 cm,ara; eng,Image;StillImage,وقال ربكم ادعوني استجيب لكم,50,36,wood works/50WD_43x32.JPG,,no,yes
wd-051,51WD_29x39.JPG,image/jpeg,"My Lord, increase me in knowledge",وقل ربي زدني علماً,Foliated Kufic,كوفي مزهر,"Inlaid wood. The inscription “My Lord, increase me in knowledge” is written in Foliated Kufic. Dimensions: 29 × 39 cm.",خشب مطعم. نقش «وقل ربي زدني علماً» مكتوب بالكوفي المزهر. المقاس: 29 × 39 سم.,Muhammed Saied Kalash,محمد سعيد كلش,,,Wood; Text; Calligraphy; Foliated Kufic,خشب؛ خط؛ خط عربي؛ كوفي مزهر,Wood,خشب,Inlaid wood,خشب مطعم,Text,خط,29 × 39 cm,ara; eng,Image;StillImage,وقل ربي زدني علما,51,37,wood works/51WD_29x39.JPG,,no,yes
wd-052,52WD_68x43.JPG,image/jpeg,"In the name of God, the Most Gracious, the Most Merciful",بسم الله الرحمن الرحيم,Geometric Kufic,كوفي هندسي,"Inlaid wood. The inscription “In the name of God, the Most Gracious, the Most Merciful” is written in Geometric Kufic. Dimensions: 68 × 43 cm.",خشب مطعم. نقش «بسم الله الرحمن الرحيم» مكتوب بالكوفي الهندسي. المقاس: 68 × 43 سم.,Muhammed Saied Kalash,محمد سعيد كلش,,,Wood; Text; Calligraphy; Geometric Kufic,خشب؛ خط؛ خط عربي؛ كوفي هندسي,Wood,خشب,Inlaid wood,خشب مطعم,Text,خط,68 × 43 cm,ara; eng,Image;StillImage,بسم الله الرحمن الرحيم,52,38,wood works/52WD_68x43.JPG,,no,yes
wd-053,53WD_76x34.JPG,image/jpeg,God is kind to His servants,الله لطيف بعباده,Kufic,كوفي,Inlaid wood. The inscription “God is kind to His servants” is written in Kufic. Dated 1990. Dimensions: 76 × 34 cm.,خشب مطعم. نقش «الله لطيف بعباده» مكتوب بالكوفي. أُنجز عام ١٩٩٠. المقاس: 76 × 34 سم.,Muhammed Saied Kalash,محمد سعيد كلش,1990,,Wood; Text; Calligraphy; Kufic,خشب؛ خط؛ خط عربي؛ كوفي,Wood,خشب,Inlaid wood,خشب مطعم,Text,خط,76 × 34 cm,ara; eng,Image;StillImage,الله لطيف بعباده,53,39,wood works/53WD_76x34.JPG,,no,yes
wd-055,55WD_78D.JPG,image/jpeg,"Your Lord has decreed that you worship none but Him, and that you be kind to parents",وقضى ربك ألا تعبدوا إلا إياه وبالوالدين إحساناً,Thuluth,خط الثلث,"Inlaid wood. The inscription “Your Lord has decreed that you worship none but Him, and that you be kind to parents” is written in Thuluth. Dated 2009. Dimensions: 78 cm Ø.",خشب مطعم. نقش «وقضى ربك ألا تعبدوا إلا إياه وبالوالدين إحساناً» مكتوب بخط الثلث. أُنجز عام ٢٠٠٩. المقاس: 78 سم Ø.,Muhammed Saied Kalash,محمد سعيد كلش,2009,,Wood; Text; Calligraphy; Thuluth,خشب؛ خط؛ خط عربي؛ خط الثلث,Wood,خشب,Inlaid wood,خشب مطعم,Text,خط,78 cm Ø,ara; eng,Image;StillImage,وقضى ربك الا تعبدوا الا اياه وبالوالدي احسانا,55,40,wood works/55WD_78D.JPG,,no,yes
wd-056,56WD_78D.JPG,image/jpeg,"Your Lord has decreed that you worship none but Him, and that you be kind to parents",وقضى ربك ألا تعبدوا إلا إياه وبالوالدين إحساناً,Thuluth,خط الثلث,"Inlaid wood. The inscription “Your Lord has decreed that you worship none but Him, and that you be kind to parents” is written in Thuluth. Dated 2009. Dimensions: 78 cm Ø.",خشب مطعم. نقش «وقضى ربك ألا تعبدوا إلا إياه وبالوالدين إحساناً» مكتوب بخط الثلث. أُنجز عام ٢٠٠٩. المقاس: 78 سم Ø.,Muhammed Saied Kalash,محمد سعيد كلش,2009,,Wood; Text; Calligraphy; Thuluth,خشب؛ خط؛ خط عربي؛ خط الثلث,Wood,خشب,Inlaid wood,خشب مطعم,Text,خط,78 cm Ø,ara; eng,Image;StillImage,وقضى ربك الا تعبدوا الا اياه وبالوالدي احسانا,56,41,wood works/56WD_78D.JPG,,no,yes
wd-057,57WD_75D.JPG,image/jpeg,"My Lord, expand for me my breast and ease my task",ربِّ اشرح لي صدري ويسر لي أمري,Thuluth,خط الثلث,"Inlaid wood. The inscription “My Lord, expand for me my breast and ease my task” is written in Thuluth. Dimensions: 75 cm Ø.",خشب مطعم. نقش «ربِّ اشرح لي صدري ويسر لي أمري» مكتوب بخط الثلث. المقاس: 75 سم Ø.,Muhammed Saied Kalash,محمد سعيد كلش,,,Wood; Text; Calligraphy; Thuluth,خشب؛ خط؛ خط عربي؛ خط الثلث,Wood,خشب,Inlaid wood,خشب مطعم,Text,خط,75 cm Ø,ara; eng,Image;StillImage,ربي اشرح لي صدري ويسر لي امري,57,42,wood works/57WD_75D.JPG,,no,yes
wd-058,58WD_79D.JPG,image/jpeg,Dominion belongs to God; might belongs to God,الملك لله، العزة لله,Geometric Kufic,كوفي هندسي,Inlaid wood. The inscription “Dominion belongs to God; might belongs to God” is written in Geometric Kufic. Dated 2009. Dimensions: 79 cm Ø.,خشب مطعم. نقش «الملك لله، العزة لله» مكتوب بالكوفي الهندسي. أُنجز عام ٢٠٠٩. المقاس: 79 سم Ø.,Muhammed Saied Kalash,محمد سعيد كلش,2009,,Wood; Text; Calligraphy; Geometric Kufic,خشب؛ خط؛ خط عربي؛ كوفي هندسي,Wood,خشب,Inlaid wood,خشب مطعم,Text,خط,79 cm Ø,ara; eng,Image;StillImage,الملك لله العزة لله,58,43,wood works/58WD_79D.JPG,,no,yes
wd-059,59WD_79D.JPG,image/jpeg,Surah Al-Ikhlas,قل هو الله أحد، الله الصمد، لم يلد ولم يولد ولم يكن له كفواً أحد,Thuluth,خط الثلث,Inlaid wood. The inscription “Surah Al-Ikhlas” is written in Thuluth. Dimensions: 79 cm Ø. Full inscription is given in Arabic.,خشب مطعم. نقش «قل هو الله أحد، الله الصمد، لم يلد ولم يولد ولم يكن له كفواً أحد» مكتوب بخط الثلث. المقاس: 79 سم Ø. النص الكامل: قل هو الله احد الله الصمد لم يلد ولم يولد ولم يكن له كفوا احد,Muhammed Saied Kalash,محمد سعيد كلش,,,Wood; Text; Calligraphy; Thuluth,خشب؛ خط؛ خط عربي؛ خط الثلث,Wood,خشب,Inlaid wood,خشب مطعم,Text,خط,79 cm Ø,ara; eng,Image;StillImage,قل هو الله احد الله الصمد لم يلد ولم يولد ولم يكن له كفوا احد,59,44,wood works/59WD_79D.JPG,,no,yes
wd-064,64WD_80D.JPG,image/jpeg,"Our Lord, do not let our hearts deviate after You have guided us, and grant us mercy from Yourself; You are the Bestower",ربنا لا تزغ قلوبنا بعد إذ هديتنا وهب لنا من لدنك رحمة إنك أنت الوهاب,Foliated Kufic,كوفي مزهر,"Inlaid wood. The inscription “Our Lord, do not let our hearts deviate after You have guided us, and grant us mercy from Yourself; You are the Bestower” is written in Foliated Kufic. Dimensions: 80 cm Ø.",خشب مطعم. نقش «ربنا لا تزغ قلوبنا بعد إذ هديتنا وهب لنا من لدنك رحمة إنك أنت الوهاب» مكتوب بالكوفي المزهر. المقاس: 80 سم Ø.,Muhammed Saied Kalash,محمد سعيد كلش,,,Wood; Text; Calligraphy; Foliated Kufic,خشب؛ خط؛ خط عربي؛ كوفي مزهر,Wood,خشب,Inlaid wood,خشب مطعم,Text,خط,80 cm Ø,ara; eng,Image;StillImage,ربنا لاتزغ قلوبنا بعد إذ هديتنا وهب لنا من لدنك رحمة انك انت الوهاب,64,45,wood works/64WD_80D.JPG,,no,yes
wd-065,65WD_80D.JPG,image/jpeg,Surah Al-Ikhlas,سورة الإخلاص,Thuluth,خط الثلث,Inlaid wood. The inscription “Surah Al-Ikhlas” is written in Thuluth. Dimensions: 80 cm Ø.,خشب مطعم. نقش «سورة الإخلاص» مكتوب بخط الثلث. المقاس: 80 سم Ø.,Muhammed Saied Kalash,محمد سعيد كلش,,,Wood; Text; Calligraphy; Thuluth,خشب؛ خط؛ خط عربي؛ خط الثلث,Wood,خشب,Inlaid wood,خشب مطعم,Text,خط,80 cm Ø,ara; eng,Image;StillImage,سورة الاخلاص,65,46,wood works/65WD_80D.JPG,,no,yes
wd-066,66WD_50x70.JPG,image/jpeg,Patience,صبراً,Thuluth,خط الثلث,Inlaid wood. The inscription “Patience” is written in Thuluth. Dimensions: 50 × 70 cm.,خشب مطعم. نقش «صبراً» مكتوب بخط الثلث. المقاس: 50 × 70 سم.,Muhammed Saied Kalash,محمد سعيد كلش,,,Wood; Text; Calligraphy; Thuluth,خشب؛ خط؛ خط عربي؛ خط الثلث,Wood,خشب,Inlaid wood,خشب مطعم,Text,خط,50 × 70 cm,ara; eng,Image;StillImage,صبرا,66,47,wood works/66WD_50x70.JPG,,no,yes
wd-067,67WD_50x70.JPG,image/jpeg,Patience,صبراً,Thuluth,خط الثلث,Inlaid wood. The inscription “Patience” is written in Thuluth. Dimensions: 50 × 70 cm.,خشب مطعم. نقش «صبراً» مكتوب بخط الثلث. المقاس: 50 × 70 سم.,Muhammed Saied Kalash,محمد سعيد كلش,,,Wood; Text; Calligraphy; Thuluth,خشب؛ خط؛ خط عربي؛ خط الثلث,Wood,خشب,Inlaid wood,خشب مطعم,Text,خط,50 × 70 cm,ara; eng,Image;StillImage,صبرا,67,48,wood works/67WD_50x70.JPG,,yes,yes
wd-068,68WD_79D.JPG,image/jpeg,Allah,الله,Thuluth,خط الثلث,Inlaid wood. The inscription “Allah” is written in Thuluth. Dimensions: 79 cm Ø.,خشب مطعم. نقش «الله» مكتوب بخط الثلث. المقاس: 79 سم Ø.,Muhammed Saied Kalash,محمد سعيد كلش,,,Wood; Text; Calligraphy; Thuluth,خشب؛ خط؛ خط عربي؛ خط الثلث,Wood,خشب,Inlaid wood,خشب مطعم,Text,خط,79 cm Ø,ara; eng,Image;StillImage,الله,68,49,wood works/68WD_79D.JPG,,yes,yes
wd-069,69WD_30x40.JPG,image/jpeg,"Say: He is God, One (Al-Ikhlas)",قل هو الله أحد,Thuluth,خط الثلث,"Inlaid wood. The inscription “Say: He is God, One (Al-Ikhlas)” is written in Thuluth. Dimensions: 30 × 40 cm.",خشب مطعم. نقش «قل هو الله أحد» مكتوب بخط الثلث. المقاس: 30 × 40 سم.,Muhammed Saied Kalash,محمد سعيد كلش,,,Wood; Text; Calligraphy; Thuluth,خشب؛ خط؛ خط عربي؛ خط الثلث,Wood,خشب,Inlaid wood,خشب مطعم,Text,خط,30 × 40 cm,ara; eng,Image;StillImage,قل هو الله احد,69,50,wood works/69WD_30x40.JPG,,no,yes
wd-070,70WD_32x41.JPG,image/jpeg,This is from the grace of my Lord,هذا من فضل ربي,Foliated Kufic,كوفي مزهر,Inlaid wood. The inscription “This is from the grace of my Lord” is written in Foliated Kufic. Dated 2011. Dimensions: 32 × 42 cm.,خشب مطعم. نقش «هذا من فضل ربي» مكتوب بالكوفي المزهر. أُنجز عام ٢٠١١. المقاس: 32 × 42 سم.,Muhammed Saied Kalash,محمد سعيد كلش,2011,,Wood; Text; Calligraphy; Foliated Kufic,خشب؛ خط؛ خط عربي؛ كوفي مزهر,Wood,خشب,Inlaid wood,خشب مطعم,Text,خط,32 × 42 cm,ara; eng,Image;StillImage,هذا من فضل ربي,70,51,wood works/70WD_32x41.JPG,,no,yes
wd-071,71WD_87x42.JPG,image/jpeg,"And say: Act, for God will see your deeds, and His Messenger and the believers (At-Tawbah 105)",وقل اعملوا فسيرى الله عملكم ورسوله والمؤمنون,Thuluth,خط الثلث,"Inlaid wood. The inscription “And say: Act, for God will see your deeds, and His Messenger and the believers (At-Tawbah 105)” is written in Thuluth. Dimensions: 87 × 42 cm.",خشب مطعم. نقش «وقل اعملوا فسيرى الله عملكم ورسوله والمؤمنون» مكتوب بخط الثلث. المقاس: 87 × 42 سم.,Muhammed Saied Kalash,محمد سعيد كلش,,,Wood; Text; Calligraphy; Thuluth,خشب؛ خط؛ خط عربي؛ خط الثلث,Wood,خشب,Inlaid wood,خشب مطعم,Text,خط,87 × 42 cm,ara; eng,Image;StillImage,وقل اعملوا فسيرى الله عملكم ورسوله والمؤمنين,71,52,wood works/71WD_87x42.JPG,,no,yes
wd-072,72WD_93x50.JPG,image/jpeg,Remember God,اذكروا الله,Square Kufic,كوفي مربّع,Inlaid wood. The inscription “Remember God” is written in Square Kufic. Dimensions: 93 × 50 cm.,خشب مطعم. نقش «اذكروا الله» مكتوب بالكوفي المربّع. المقاس: 93 × 50 سم.,Muhammed Saied Kalash,محمد سعيد كلش,,,Wood; Text; Calligraphy; Square Kufic,خشب؛ خط؛ خط عربي؛ كوفي مربّع,Wood,خشب,Inlaid wood,خشب مطعم,Text,خط,93 × 50 cm,ara; eng,Image;StillImage,اذكروا الله,72,53,wood works/72WD_93x50.JPG,,no,yes
wd-077,77WD_80X80.JPG,image/jpeg,"Our Lord, we have believed, so forgive us and have mercy on us; You are the best of the merciful",ربنا آمنا فاغفر لنا وارحمنا أنت خير الراحمين,Thuluth,خط الثلث,"Inlaid wood. The inscription “Our Lord, we have believed, so forgive us and have mercy on us; You are the best of the merciful” is written in Thuluth. Dimensions: 80 × 80 cm.",خشب مطعم. نقش «ربنا آمنا فاغفر لنا وارحمنا أنت خير الراحمين» مكتوب بخط الثلث. المقاس: 80 × 80 سم.,Muhammed Saied Kalash,محمد سعيد كلش,,,Wood; Text; Calligraphy; Thuluth,خشب؛ خط؛ خط عربي؛ خط الثلث,Wood,خشب,Inlaid wood,خشب مطعم,Text,خط,80 × 80 cm,ara; eng,Image;StillImage,ربنا آمنا فاغفر لنا وارحمنا انت خير الرحمين,77,54,wood works/77WD_80X80.JPG,,no,yes
wd-078,78WD_79D.JPG,image/jpeg,Allah,الله,Thuluth,خط الثلث,Inlaid wood. The inscription “Allah” is written in Thuluth. Dated 2008. Dimensions: 79 cm Ø.,خشب مطعم. نقش «الله» مكتوب بخط الثلث. أُنجز عام ٢٠٠٨. المقاس: 79 سم Ø.,Muhammed Saied Kalash,محمد سعيد كلش,2008,,Wood; Text; Calligraphy; Thuluth,خشب؛ خط؛ خط عربي؛ خط الثلث,Wood,خشب,Inlaid wood,خشب مطعم,Text,خط,79 cm Ø,ara; eng,Image;StillImage,الله,78,55,wood works/78WD_79D.JPG,,no,yes
wd-079,79WD_82D.JPG,image/jpeg,Surah Al-Ikhlas,سورة الإخلاص,Thuluth,خط الثلث,Inlaid wood. The inscription “Surah Al-Ikhlas” is written in Thuluth. Dated 2000. Dimensions: 82 cm Ø.,خشب مطعم. نقش «سورة الإخلاص» مكتوب بخط الثلث. أُنجز عام ٢٠٠٠. المقاس: 82 سم Ø.,Muhammed Saied Kalash,محمد سعيد كلش,2000,,Wood; Text; Calligraphy; Thuluth,خشب؛ خط؛ خط عربي؛ خط الثلث,Wood,خشب,Inlaid wood,خشب مطعم,Text,خط,82 cm Ø,ara; eng,Image;StillImage,سورة الاخلاص,79,56,wood works/79WD_82D.JPG,,no,yes
wd-080,80WD_79D.JPG,image/jpeg,Surah Al-Ikhlas,سورة الإخلاص,Thuluth,خط الثلث,Inlaid wood. The inscription “Surah Al-Ikhlas” is written in Thuluth. Dimensions: 79 cm Ø.,خشب مطعم. نقش «سورة الإخلاص» مكتوب بخط الثلث. المقاس: 79 سم Ø.,Muhammed Saied Kalash,محمد سعيد كلش,,,Wood; Text; Calligraphy; Thuluth,خشب؛ خط؛ خط عربي؛ خط الثلث,Wood,خشب,Inlaid wood,خشب مطعم,Text,خط,79 cm Ø,ara; eng,Image;StillImage,سورة الاخلاص,80,57,wood works/80WD_79D.JPG,,no,yes
wd-083,83WD_91x29.JPG,image/jpeg,A person must strive; success is not required of him,على المرء أن يسعى وليس عليه إدراك النجاح,Thuluth,خط الثلث,Inlaid wood. The inscription “A person must strive; success is not required of him” is written in Thuluth. Dimensions: 91 × 29 cm.,خشب مطعم. نقش «على المرء أن يسعى وليس عليه إدراك النجاح» مكتوب بخط الثلث. المقاس: 91 × 29 سم.,Muhammed Saied Kalash,محمد سعيد كلش,,,Wood; Text; Calligraphy; Thuluth,خشب؛ خط؛ خط عربي؛ خط الثلث,Wood,خشب,Inlaid wood,خشب مطعم,Text,خط,91 × 29 cm,ara; eng,Image;StillImage,علئ المرء أن يسعى وليس عليه إدراك النجاح,83,58,wood works/83WD_91x29.JPG,,no,yes
wd-084,84WD_91X29.JPG,image/jpeg,A person must strive; success is not required of him (broken frame),على المرء أن يسعى وليس عليه إدراك النجاح (إطار مكسور),Thuluth,خط الثلث,Inlaid wood. The inscription “A person must strive; success is not required of him (broken frame)” is written in Thuluth. Dimensions: 91 × 29 cm.,خشب مطعم. نقش «على المرء أن يسعى وليس عليه إدراك النجاح (إطار مكسور)» مكتوب بخط الثلث. المقاس: 91 × 29 سم.,Muhammed Saied Kalash,محمد سعيد كلش,,,Wood; Text; Calligraphy; Thuluth,خشب؛ خط؛ خط عربي؛ خط الثلث,Wood,خشب,Inlaid wood,خشب مطعم,Text,خط,91 × 29 cm,ara; eng,Image;StillImage,علئ المرء أن يسعى وليس عليه إدراك النجاح (broken frame),84,59,wood works/84WD_91X29.JPG,,no,yes
wd-085,85WD_70X90.JPG,image/jpeg,Shake toward you the trunk of the palm; it will drop upon you fresh ripe dates (Maryam),وهزي إليك بجذع النخلة تساقط عليك رطباً جنياً,Kufic and Naskh,كوفي وخط النسخ,Inlaid wood. The inscription “Shake toward you the trunk of the palm; it will drop upon you fresh ripe dates (Maryam)” is written in Kufic and Naskh. Dimensions: 70 × 90 cm.,خشب مطعم. نقش «وهزي إليك بجذع النخلة تساقط عليك رطباً جنياً» مكتوب بالكوفي وخط النسخ. المقاس: 70 × 90 سم.,Muhammed Saied Kalash,محمد سعيد كلش,,,Wood; Text; Calligraphy; Kufic and Naskh,خشب؛ خط؛ خط عربي؛ كوفي وخط النسخ,Wood,خشب,Inlaid wood,خشب مطعم,Text,خط,70 × 90 cm,ara; eng,Image;StillImage,وهزي إليك بجذع النخلة تساقط عليك رطبا جنيا,85,60,wood works/85WD_70X90.JPG,,yes,yes
wd-087,87WD_32X42.JPG,image/jpeg,Glory be to God,سبحان الله,Thuluth,خط الثلث,Inlaid wood. The inscription “Glory be to God” is written in Thuluth. Dated 2011. Dimensions: 32 × 42 cm.,خشب مطعم. نقش «سبحان الله» مكتوب بخط الثلث. أُنجز عام ٢٠١١. المقاس: 32 × 42 سم.,Muhammed Saied Kalash,محمد سعيد كلش,2011,,Wood; Text; Calligraphy; Thuluth,خشب؛ خط؛ خط عربي؛ خط الثلث,Wood,خشب,Inlaid wood,خشب مطعم,Text,خط,32 × 42 cm,ara; eng,Image;StillImage,سبحان الله,87,61,wood works/87WD_32X42.JPG,,no,yes
wd-088,88WD_32X42.JPG,image/jpeg,This is from the grace of my Lord,هذا من فضل ربي,Foliated Kufic,كوفي مزهر,Inlaid wood. The inscription “This is from the grace of my Lord” is written in Foliated Kufic. Dimensions: 32 × 42 cm.,خشب مطعم. نقش «هذا من فضل ربي» مكتوب بالكوفي المزهر. المقاس: 32 × 42 سم.,Muhammed Saied Kalash,محمد سعيد كلش,,,Wood; Text; Calligraphy; Foliated Kufic,خشب؛ خط؛ خط عربي؛ كوفي مزهر,Wood,خشب,Inlaid wood,خشب مطعم,Text,خط,32 × 42 cm,ara; eng,Image;StillImage,هذا من فضل ربي,88,62,wood works/88WD_32X42.JPG,,no,yes
wd-090,90WD_30X40.JPG,image/jpeg,"God is Greatest, and all praise belongs to God",الله أكبر ولله الحمد,Kufic and Thuluth,كوفي وخط الثلث,"Inlaid wood. The inscription “God is Greatest, and all praise belongs to God” is written in Kufic and Thuluth. Dimensions: 30 × 40 cm.",خشب مطعم. نقش «الله أكبر ولله الحمد» مكتوب بالكوفي وخط الثلث. المقاس: 30 × 40 سم.,Muhammed Saied Kalash,محمد سعيد كلش,,,Wood; Text; Calligraphy; Kufic and Thuluth,خشب؛ خط؛ خط عربي؛ كوفي وخط الثلث,Wood,خشب,Inlaid wood,خشب مطعم,Text,خط,30 × 40 cm,ara; eng,Image;StillImage,الله اكبر ولله الحمد,90,63,wood works/90WD_30X40.JPG,,no,yes
wd-091,91WD_25X40.JPG,image/jpeg,Allah,الله,Geometric Kufic,كوفي هندسي,Inlaid wood. The inscription “Allah” is written in Geometric Kufic. Dimensions: 25 × 40 cm.,خشب مطعم. نقش «الله» مكتوب بالكوفي الهندسي. المقاس: 25 × 40 سم.,Muhammed Saied Kalash,محمد سعيد كلش,,,Wood; Text; Calligraphy; Geometric Kufic,خشب؛ خط؛ خط عربي؛ كوفي هندسي,Wood,خشب,Inlaid wood,خشب مطعم,Text,خط,25 × 40 cm,ara; eng,Image;StillImage,GOD\الله,91,64,wood works/91WD_25X40.JPG,,no,yes
wd-092,92WD_30X40.JPG,image/jpeg,"Say: He is God, One (Al-Ikhlas)",قل هو الله أحد,Thuluth,خط الثلث,"Inlaid wood. The inscription “Say: He is God, One (Al-Ikhlas)” is written in Thuluth. Dimensions: 30 × 40 cm.",خشب مطعم. نقش «قل هو الله أحد» مكتوب بخط الثلث. المقاس: 30 × 40 سم.,Muhammed Saied Kalash,محمد سعيد كلش,,,Wood; Text; Calligraphy; Thuluth,خشب؛ خط؛ خط عربي؛ خط الثلث,Wood,خشب,Inlaid wood,خشب مطعم,Text,خط,30 × 40 cm,ara; eng,Image;StillImage,قل هو الله احد,92,65,wood works/92WD_30X40.JPG,,no,yes
wd-093,93WD_35X42.JPG,image/jpeg,Glory be to God,سبحان الله,Thuluth,خط الثلث,Inlaid wood. The inscription “Glory be to God” is written in Thuluth. Dated 2006. Dimensions: 35 × 42 cm.,خشب مطعم. نقش «سبحان الله» مكتوب بخط الثلث. أُنجز عام ٢٠٠٦. المقاس: 35 × 42 سم.,Muhammed Saied Kalash,محمد سعيد كلش,2006,,Wood; Text; Calligraphy; Thuluth,خشب؛ خط؛ خط عربي؛ خط الثلث,Wood,خشب,Inlaid wood,خشب مطعم,Text,خط,35 × 42 cm,ara; eng,Image;StillImage,سبحان الله,93,66,wood works/93WD_35X42.JPG,,no,yes
wd-094,94WD_82X100.JPG,image/jpeg,Do good; God loves those who do good,وأحسنوا إن الله يحب المحسنين,Kufic and Naskh,كوفي وخط النسخ,Inlaid wood. The inscription “Do good; God loves those who do good” is written in Kufic and Naskh. Dimensions: 82 × 100 cm.,خشب مطعم. نقش «وأحسنوا إن الله يحب المحسنين» مكتوب بالكوفي وخط النسخ. المقاس: 82 × 100 سم.,Muhammed Saied Kalash,محمد سعيد كلش,,,Wood; Text; Calligraphy; Kufic and Naskh,خشب؛ خط؛ خط عربي؛ كوفي وخط النسخ,Wood,خشب,Inlaid wood,خشب مطعم,Text,خط,82 × 100 cm,ara; eng,Image;StillImage,واحسنوا ان الل يحب المحسنين,94,67,wood works/94WD_82X100.JPG,,no,yes
wd-095,95WD_80X80.JPG,image/jpeg,"Our Lord, we have believed, so forgive us and have mercy on us; You are the best of the merciful",ربنا آمنا فاغفر لنا وارحمنا أنت خير الراحمين,Thuluth,خط الثلث,"Inlaid wood. The inscription “Our Lord, we have believed, so forgive us and have mercy on us; You are the best of the merciful” is written in Thuluth. Dimensions: 80 × 80 cm.",خشب مطعم. نقش «ربنا آمنا فاغفر لنا وارحمنا أنت خير الراحمين» مكتوب بخط الثلث. المقاس: 80 × 80 سم.,Muhammed Saied Kalash,محمد سعيد كلش,,,Wood; Text; Calligraphy; Thuluth,خشب؛ خط؛ خط عربي؛ خط الثلث,Wood,خشب,Inlaid wood,خشب مطعم,Text,خط,80 × 80 cm,ara; eng,Image;StillImage,ربنا آمنافاغفر لنا وارحمنا انت خير الرحمين,95,68,wood works/95WD_80X80.JPG,,no,yes
wd-096,96WD_53X78.JPG,image/jpeg,Patience is the key to relief,الصبر مفتاح الفرج,Geometric Kufic,كوفي هندسي,Inlaid wood. The inscription “Patience is the key to relief” is written in Geometric Kufic. Dimensions: 53 × 78 cm.,خشب مطعم. نقش «الصبر مفتاح الفرج» مكتوب بالكوفي الهندسي. المقاس: 53 × 78 سم.,Muhammed Saied Kalash,محمد سعيد كلش,,,Wood; Text; Calligraphy; Geometric Kufic,خشب؛ خط؛ خط عربي؛ كوفي هندسي,Wood,خشب,Inlaid wood,خشب مطعم,Text,خط,53 × 78 cm,ara; eng,Image;StillImage,الصبر مفتاح الفرج,96,69,wood works/96WD_53X78.JPG,,no,yes
wd-097,97WD_97X30.JPG,image/jpeg,"In the name of God, I rely on God; there is no power except with God",بسم الله توكلت على الله ولا حول ولا قوة إلا بالله,Thuluth,خط الثلث,"Inlaid wood. The inscription “In the name of God, I rely on God; there is no power except with God” is written in Thuluth. Dimensions: 97 × 30 cm.",خشب مطعم. نقش «بسم الله توكلت على الله ولا حول ولا قوة إلا بالله» مكتوب بخط الثلث. المقاس: 97 × 30 سم.,Muhammed Saied Kalash,محمد سعيد كلش,,,Wood; Text; Calligraphy; Thuluth,خشب؛ خط؛ خط عربي؛ خط الثلث,Wood,خشب,Inlaid wood,خشب مطعم,Text,خط,97 × 30 cm,ara; eng,Image;StillImage,بسم الله توكلت على الله ولا حول ولا قوة الا بالله,97,70,wood works/97WD_97X30.JPG,,no,yes
wd-098,98WD_50X38.JPG,image/jpeg,"In the name of God, the Most Gracious, the Most Merciful",بسم الله الرحمن الرحيم,Geometric Kufic,كوفي هندسي,"Inlaid wood. The inscription “In the name of God, the Most Gracious, the Most Merciful” is written in Geometric Kufic. Dimensions: 50 × 38 cm.",خشب مطعم. نقش «بسم الله الرحمن الرحيم» مكتوب بالكوفي الهندسي. المقاس: 50 × 38 سم.,Muhammed Saied Kalash,محمد سعيد كلش,,,Wood; Text; Calligraphy; Geometric Kufic,خشب؛ خط؛ خط عربي؛ كوفي هندسي,Wood,خشب,Inlaid wood,خشب مطعم,Text,خط,50 × 38 cm,ara; eng,Image;StillImage,بسم الله الرحمن الرحيم,98,71,wood works/98WD_50X38.JPG,,no,yes
wd-099,99WD_67X40.JPG,image/jpeg,"In the name of God, the Most Gracious, the Most Merciful",بسم الله الرحمن الرحيم,Geometric Kufic,كوفي هندسي,"Inlaid wood. The inscription “In the name of God, the Most Gracious, the Most Merciful” is written in Geometric Kufic. Dated 2010. Dimensions: 67 × 40 cm.",خشب مطعم. نقش «بسم الله الرحمن الرحيم» مكتوب بالكوفي الهندسي. أُنجز عام ٢٠١٠. المقاس: 67 × 40 سم.,Muhammed Saied Kalash,محمد سعيد كلش,2010,,Wood; Text; Calligraphy; Geometric Kufic,خشب؛ خط؛ خط عربي؛ كوفي هندسي,Wood,خشب,Inlaid wood,خشب مطعم,Text,خط,67 × 40 cm,ara; eng,Image;StillImage,بسم الله الرحمن الرحيم,99,72,wood works/99WD_67X40.JPG,,no,yes
wd-100,100WD_83X83.JPG,image/jpeg,"Our Lord, we have believed, so forgive us and have mercy on us; You are the best of the merciful",ربنا آمنا فاغفر لنا وارحمنا أنت خير الراحمين,Thuluth,خط الثلث,"Inlaid wood. The inscription “Our Lord, we have believed, so forgive us and have mercy on us; You are the best of the merciful” is written in Thuluth. Dimensions: 83 × 83 cm.",خشب مطعم. نقش «ربنا آمنا فاغفر لنا وارحمنا أنت خير الراحمين» مكتوب بخط الثلث. المقاس: 83 × 83 سم.,Muhammed Saied Kalash,محمد سعيد كلش,,,Wood; Text; Calligraphy; Thuluth,خشب؛ خط؛ خط عربي؛ خط الثلث,Wood,خشب,Inlaid wood,خشب مطعم,Text,خط,83 × 83 cm,ara; eng,Image;StillImage,ربنا آمنا فاغفر لنا وارحمنا انت خير الرحمين,100,73,wood works/100WD_83X83.JPG,,no,yes
wd-101,101WD_80X145.JPG,image/jpeg,Nun. By the pen and what they write,ن والقلم وما يسطرون,Naskh,خط النسخ,Inlaid wood. The inscription “Nun. By the pen and what they write” is written in Naskh. Dimensions: 88 × 145 cm.,خشب مطعم. نقش «ن والقلم وما يسطرون» مكتوب بخط النسخ. المقاس: 88 × 145 سم.,Muhammed Saied Kalash,محمد سعيد كلش,,,Wood; Text; Calligraphy; Naskh,خشب؛ خط؛ خط عربي؛ خط النسخ,Wood,خشب,Inlaid wood,خشب مطعم,Text,خط,88 × 145 cm,ara; eng,Image;StillImage,نون والقلم وما يسطرون,101,74,wood works/101WD_80X145.JPG,,no,yes
wd-105,105WD_25X40.jpg,image/jpeg,Allah,الله,Geometric Kufic,كوفي هندسي,Inlaid wood. The inscription “Allah” is written in Geometric Kufic. Dimensions: 25 × 40 cm.,خشب مطعم. نقش «الله» مكتوب بالكوفي الهندسي. المقاس: 25 × 40 سم.,Muhammed Saied Kalash,محمد سعيد كلش,,,Wood; Text; Calligraphy; Geometric Kufic,خشب؛ خط؛ خط عربي؛ كوفي هندسي,Wood,خشب,Inlaid wood,خشب مطعم,Text,خط,25 × 40 cm,ara; eng,Image;StillImage,GOD\الله,105,75,wood works/105WD_25X40.jpg,,no,yes
wd-106,106WD_28X38.jpg,image/jpeg,Glory be to God and praise Him; glory be to God the Magnificent,سبحان الله وبحمده سبحان الله العظيم,Thuluth,خط الثلث,Inlaid wood. The inscription “Glory be to God and praise Him; glory be to God the Magnificent” is written in Thuluth. Dimensions: 28 × 38 cm.,خشب مطعم. نقش «سبحان الله وبحمده سبحان الله العظيم» مكتوب بخط الثلث. المقاس: 28 × 38 سم.,Muhammed Saied Kalash,محمد سعيد كلش,,,Wood; Text; Calligraphy; Thuluth,خشب؛ خط؛ خط عربي؛ خط الثلث,Wood,خشب,Inlaid wood,خشب مطعم,Text,خط,28 × 38 cm,ara; eng,Image;StillImage,سبحان الله وبحمده سبحان الله العظيم,106,76,wood works/106WD_28X38.jpg,,no,yes
wd-107,107WD_40x52.jpg,image/jpeg,Say: I seek refuge in the Lord of daybreak (Al-Falaq),قل أعوذ برب الفلق,Thuluth,خط الثلث,Inlaid wood. The inscription “Say: I seek refuge in the Lord of daybreak (Al-Falaq)” is written in Thuluth. Dated 2011. Dimensions: 40 × 52 cm.,خشب مطعم. نقش «قل أعوذ برب الفلق» مكتوب بخط الثلث. أُنجز عام ٢٠١١. المقاس: 40 × 52 سم.,Muhammed Saied Kalash,محمد سعيد كلش,2011,,Wood; Text; Calligraphy; Thuluth,خشب؛ خط؛ خط عربي؛ خط الثلث,Wood,خشب,Inlaid wood,خشب مطعم,Text,خط,40 × 52 cm,ara; eng,Image;StillImage,قل اعوذ برب الفلق,107,77,wood works/107WD_40x52.jpg,,no,yes
wd-108,108WD_40x52.jpg,image/jpeg,"Say: He is God, One (Al-Ikhlas)",قل هو الله أحد,Thuluth,خط الثلث,"Inlaid wood. The inscription “Say: He is God, One (Al-Ikhlas)” is written in Thuluth. Dated 2011. Dimensions: 40 × 52 cm.",خشب مطعم. نقش «قل هو الله أحد» مكتوب بخط الثلث. أُنجز عام ٢٠١١. المقاس: 40 × 52 سم.,Muhammed Saied Kalash,محمد سعيد كلش,2011,,Wood; Text; Calligraphy; Thuluth,خشب؛ خط؛ خط عربي؛ خط الثلث,Wood,خشب,Inlaid wood,خشب مطعم,Text,خط,40 × 52 cm,ara; eng,Image;StillImage,قل هو الله احد,108,78,wood works/108WD_40x52.jpg,,no,yes
wd-109,109WD_40x52.jpg,image/jpeg,Say: I seek refuge in the Lord of daybreak (Al-Falaq),قل أعوذ برب الفلق,Thuluth,خط الثلث,Inlaid wood. The inscription “Say: I seek refuge in the Lord of daybreak (Al-Falaq)” is written in Thuluth. Dated 2011. Dimensions: 40 × 52 cm.,خشب مطعم. نقش «قل أعوذ برب الفلق» مكتوب بخط الثلث. أُنجز عام ٢٠١١. المقاس: 40 × 52 سم.,Muhammed Saied Kalash,محمد سعيد كلش,2011,,Wood; Text; Calligraphy; Thuluth,خشب؛ خط؛ خط عربي؛ خط الثلث,Wood,خشب,Inlaid wood,خشب مطعم,Text,خط,40 × 52 cm,ara; eng,Image;StillImage,قل اعوذ برب الفلق,109,79,wood works/109WD_40x52.jpg,,no,yes
wd-110,110WD_40x60.jpg,image/jpeg,"Did We not expand for you your breast, and lift from you your burden (Ash-Sharh)",ألم نشرح لك صدرك ووضعنا عنك وزرك,Thuluth,خط الثلث,"Inlaid wood. The inscription “Did We not expand for you your breast, and lift from you your burden (Ash-Sharh)” is written in Thuluth. Dated 2011. Dimensions: 40 × 60 cm.",خشب مطعم. نقش «ألم نشرح لك صدرك ووضعنا عنك وزرك» مكتوب بخط الثلث. أُنجز عام ٢٠١١. المقاس: 40 × 60 سم.,Muhammed Saied Kalash,محمد سعيد كلش,2011,,Wood; Text; Calligraphy; Thuluth,خشب؛ خط؛ خط عربي؛ خط الثلث,Wood,خشب,Inlaid wood,خشب مطعم,Text,خط,40 × 60 cm,ara; eng,Image;StillImage,الم نشرح لك صدرك ووضعنا عنك وزرك,110,80,wood works/110WD_40x60.jpg,,no,yes
wd-111,111WD_43x62.jpg,image/jpeg,Allah,الله,Thuluth,خط الثلث,Inlaid wood. The inscription “Allah” is written in Thuluth. Early work. Dimensions: 43 × 62 cm.,خشب مطعم. نقش «الله» مكتوب بخط الثلث. من الأعمال المبكرة. المقاس: 43 × 62 سم.,Muhammed Saied Kalash,محمد سعيد كلش,,early works,Wood; Text; Calligraphy; Thuluth,خشب؛ خط؛ خط عربي؛ خط الثلث,Wood,خشب,Inlaid wood,خشب مطعم,Text,خط,43 × 62 cm,ara; eng,Image;StillImage,الله,111,81,wood works/111WD_43x62.jpg,,no,yes
wd-112,112WD_93x48.jpg,image/jpeg,"If you are grateful, I will surely increase you",لئن شكرتم لأزيدنكم,Geometric Kufic,كوفي هندسي,"Inlaid wood. The inscription “If you are grateful, I will surely increase you” is written in Geometric Kufic. Dimensions: 93 × 48 cm.",خشب مطعم. نقش «لئن شكرتم لأزيدنكم» مكتوب بالكوفي الهندسي. المقاس: 93 × 48 سم.,Muhammed Saied Kalash,محمد سعيد كلش,,,Wood; Text; Calligraphy; Geometric Kufic,خشب؛ خط؛ خط عربي؛ كوفي هندسي,Wood,خشب,Inlaid wood,خشب مطعم,Text,خط,93 × 48 cm,ara; eng,Image;StillImage,لئن شكرتم لأزيدكم,112,82,wood works/112WD_93x48.jpg,,no,yes
wd-113,113WD_50x72.jpg,image/jpeg,He taught by the pen,علّم بالقلم,Naskh,خط النسخ,Inlaid wood. The inscription “He taught by the pen” is written in Naskh. Dimensions: 50 × 72 cm.,خشب مطعم. نقش «علّم بالقلم» مكتوب بخط النسخ. المقاس: 50 × 72 سم.,Muhammed Saied Kalash,محمد سعيد كلش,,,Wood; Text; Calligraphy; Naskh,خشب؛ خط؛ خط عربي؛ خط النسخ,Wood,خشب,Inlaid wood,خشب مطعم,Text,خط,50 × 72 cm,ara; eng,Image;StillImage,علم بالقلم,113,83,wood works/113WD_50x72.jpg,,no,yes
wd-114,114WD_80x42.jpg,image/jpeg,God is sufficient for me,حسبي الله,Geometric Kufic,كوفي هندسي,Inlaid wood. The inscription “God is sufficient for me” is written in Geometric Kufic. Dimensions: 80 × 42 cm.,خشب مطعم. نقش «حسبي الله» مكتوب بالكوفي الهندسي. المقاس: 80 × 42 سم.,Muhammed Saied Kalash,محمد سعيد كلش,,,Wood; Text; Calligraphy; Geometric Kufic,خشب؛ خط؛ خط عربي؛ كوفي هندسي,Wood,خشب,Inlaid wood,خشب مطعم,Text,خط,80 × 42 cm,ara; eng,Image;StillImage,حسبي الله,114,84,wood works/114WD_80x42.jpg,,no,yes
wd-115,115WD_81x44.jpg,image/jpeg,"God — there is no god except Him, the Ever-Living, the Sustainer",الله لا إله إلا هو الحي القيوم,Foliated Kufic,كوفي مزهر,"Inlaid wood. The inscription “God — there is no god except Him, the Ever-Living, the Sustainer” is written in Foliated Kufic. Dimensions: 81 × 44 cm.",خشب مطعم. نقش «الله لا إله إلا هو الحي القيوم» مكتوب بالكوفي المزهر. المقاس: 81 × 44 سم.,Muhammed Saied Kalash,محمد سعيد كلش,,,Wood; Text; Calligraphy; Foliated Kufic,خشب؛ خط؛ خط عربي؛ كوفي مزهر,Wood,خشب,Inlaid wood,خشب مطعم,Text,خط,81 × 44 cm,ara; eng,Image;StillImage,الله لا الله الا هو الحي القيوم,115,85,wood works/115WD_81x44.jpg,,no,yes
wd-116,116WD_100x63.jpg,image/jpeg,And the favor of God upon you has been great,وكان فضل الله عليك عظيماً,Naskh,خط النسخ,Inlaid wood. The inscription “And the favor of God upon you has been great” is written in Naskh. Dated 2005. Dimensions: 100 × 63 cm.,خشب مطعم. نقش «وكان فضل الله عليك عظيماً» مكتوب بخط النسخ. أُنجز عام ٢٠٠٥. المقاس: 100 × 63 سم.,Muhammed Saied Kalash,محمد سعيد كلش,2005,,Wood; Text; Calligraphy; Naskh,خشب؛ خط؛ خط عربي؛ خط النسخ,Wood,خشب,Inlaid wood,خشب مطعم,Text,خط,100 × 63 cm,ara; eng,Image;StillImage,وكان فضل الله عليك عظيما,116,86,wood works/116WD_100x63.jpg,,no,yes
wd-120,120WD_70x90.jpg,image/jpeg,Do not argue with the People of the Book except in the best way,ولا تجادلوا أهل الكتاب إلا بالتي هي أحسن,Naskh and Thuluth,خط النسخ وخط الثلث,Inlaid wood. The inscription “Do not argue with the People of the Book except in the best way” is written in Naskh and Thuluth. Dimensions: 70 × 90 cm.,خشب مطعم. نقش «ولا تجادلوا أهل الكتاب إلا بالتي هي أحسن» مكتوب بخط النسخ وخط الثلث. المقاس: 70 × 90 سم.,Muhammed Saied Kalash,محمد سعيد كلش,,,Wood; Text; Calligraphy; Naskh and Thuluth,خشب؛ خط؛ خط عربي؛ خط النسخ وخط الثلث,Wood,خشب,Inlaid wood,خشب مطعم,Text,خط,70 × 90 cm,ara; eng,Image;StillImage,ولا تجدلو اهل الكتاب اللا بالتي هي احسن,120,87,wood works/120WD_70x90.jpg,,no,yes
wd-123,123WD_70x90.jpg,image/jpeg,Do not argue with the People of the Book except in the best way,ولا تجادلوا أهل الكتاب إلا بالتي هي أحسن,Naskh and Thuluth,خط النسخ وخط الثلث,Inlaid wood. The inscription “Do not argue with the People of the Book except in the best way” is written in Naskh and Thuluth. Dimensions: 70 × 90 cm.,خشب مطعم. نقش «ولا تجادلوا أهل الكتاب إلا بالتي هي أحسن» مكتوب بخط النسخ وخط الثلث. المقاس: 70 × 90 سم.,Muhammed Saied Kalash,محمد سعيد كلش,,,Wood; Text; Calligraphy; Naskh and Thuluth,خشب؛ خط؛ خط عربي؛ خط النسخ وخط الثلث,Wood,خشب,Inlaid wood,خشب مطعم,Text,خط,70 × 90 cm,ara; eng,Image;StillImage,ولا تجدلو اهل الكتاب اللا بالتي هي احسن,123,88,wood works/123WD_70x90.jpg,,no,yes
wd-124,124WD_107x122.jpg,image/jpeg,"Do not become angry, and Paradise will be yours",لا تغضب ولك الجنة,Thuluth,خط الثلث,"Inlaid wood. The inscription “Do not become angry, and Paradise will be yours” is written in Thuluth. Dimensions: 107 × 122 cm.",خشب مطعم. نقش «لا تغضب ولك الجنة» مكتوب بخط الثلث. المقاس: 107 × 122 سم.,Muhammed Saied Kalash,محمد سعيد كلش,,,Wood; Text; Calligraphy; Thuluth,خشب؛ خط؛ خط عربي؛ خط الثلث,Wood,خشب,Inlaid wood,خشب مطعم,Text,خط,107 × 122 cm,ara; eng,Image;StillImage,لا تغضب ولك الجنة,124,89,wood works/124WD_107x122.jpg,,no,yes
wd-125,125WD_92x112.jpg,image/jpeg,"And hasten to forgiveness from your Lord and a garden as wide as the heavens and earth, prepared for the righteous",وسارعوا إلى مغفرة من ربكم وجنة عرضها السموات والأرض أعدت للمتقين,Naskh and Thuluth,خط النسخ وخط الثلث,"Inlaid wood. The inscription “And hasten to forgiveness from your Lord and a garden as wide as the heavens and earth, prepared for the righteous” is written in Naskh and Thuluth. Dimensions: 92 × 112 cm.",خشب مطعم. نقش «وسارعوا إلى مغفرة من ربكم وجنة عرضها السموات والأرض أعدت للمتقين» مكتوب بخط النسخ وخط الثلث. المقاس: 92 × 112 سم.,Muhammed Saied Kalash,محمد سعيد كلش,,,Wood; Text; Calligraphy; Naskh and Thuluth,خشب؛ خط؛ خط عربي؛ خط النسخ وخط الثلث,Wood,خشب,Inlaid wood,خشب مطعم,Text,خط,92 × 112 cm,ara; eng,Image;StillImage,وسارعوا الى مغفرة من ربكم وجنة عرضها السماوات والارض اعدت للمتقين,125,90,wood works/125WD_92x112.jpg,,no,yes
wd-126,126WD_70x100.jpg,image/jpeg,And the favor of God upon you has been great,وكان فضل الله عليك عظيماً,Naskh,خط النسخ,Inlaid wood. The inscription “And the favor of God upon you has been great” is written in Naskh. Dated 2007. Dimensions: 70 × 100 cm.,خشب مطعم. نقش «وكان فضل الله عليك عظيماً» مكتوب بخط النسخ. أُنجز عام ٢٠٠٧. المقاس: 70 × 100 سم.,Muhammed Saied Kalash,محمد سعيد كلش,2007,,Wood; Text; Calligraphy; Naskh,خشب؛ خط؛ خط عربي؛ خط النسخ,Wood,خشب,Inlaid wood,خشب مطعم,Text,خط,70 × 100 cm,ara; eng,Image;StillImage,وكان فضل الله عليك عظيما,126,91,wood works/126WD_70x100.jpg,,no,yes
wd-127,127WD_70x99.jpg,image/jpeg,We shall turn you to a qibla that will please you,فلنولينك قبلة ترضاها,Geometric Kufic,كوفي هندسي,Inlaid wood. The inscription “We shall turn you to a qibla that will please you” is written in Geometric Kufic. Dated 2008. Dimensions: 70 × 99 cm.,خشب مطعم. نقش «فلنولينك قبلة ترضاها» مكتوب بالكوفي الهندسي. أُنجز عام ٢٠٠٨. المقاس: 70 × 99 سم.,Muhammed Saied Kalash,محمد سعيد كلش,2008,,Wood; Text; Calligraphy; Geometric Kufic,خشب؛ خط؛ خط عربي؛ كوفي هندسي,Wood,خشب,Inlaid wood,خشب مطعم,Text,خط,70 × 99 cm,ara; eng,Image;StillImage,فلنولينك قبلة ترضاها,127,92,wood works/127WD_70x99.jpg,,no,yes
wd-128,128WD_80x122.jpg,image/jpeg,This is from the grace of God,هذا من فضل الله,Thuluth,خط الثلث,Inlaid wood. The inscription “This is from the grace of God” is written in Thuluth. Dimensions: 80 × 122 cm.,خشب مطعم. نقش «هذا من فضل الله» مكتوب بخط الثلث. المقاس: 80 × 122 سم.,Muhammed Saied Kalash,محمد سعيد كلش,,,Wood; Text; Calligraphy; Thuluth,خشب؛ خط؛ خط عربي؛ خط الثلث,Wood,خشب,Inlaid wood,خشب مطعم,Text,خط,80 × 122 cm,ara; eng,Image;StillImage,هذا من فضل الله,128,93,wood works/128WD_80x122.jpg,,no,yes
wd-129,129WD_70x90.jpg,image/jpeg,On this earth is what deserves life — Kufic and Naskh,على هذه الأرض ما يستحق الحياة، الخط الكوفي والنسخ,Kufic and Naskh,كوفي وخط النسخ,Inlaid wood. The inscription “On this earth is what deserves life — Kufic and Naskh” is written in Kufic and Naskh. Dimensions: 70 × 90 cm.,خشب مطعم. نقش «على هذه الأرض ما يستحق الحياة، الخط الكوفي والنسخ» مكتوب بالكوفي وخط النسخ. المقاس: 70 × 90 سم.,Muhammed Saied Kalash,محمد سعيد كلش,,,Wood; Text; Calligraphy; Kufic and Naskh,خشب؛ خط؛ خط عربي؛ كوفي وخط النسخ,Wood,خشب,Inlaid wood,خشب مطعم,Text,خط,70 × 90 cm,ara; eng,Image;StillImage,على هذه الارض ما يستحق الحياة، الخط الكوفي والنسخ,129,94,wood works/129WD_70x90.jpg,,no,yes
wd-130,130WD_104x61.jpg,image/jpeg,Ayat al-Kursi,آية الكرسي,Naskh,خط النسخ,Inlaid wood. The inscription “Ayat al-Kursi” is written in Naskh. Dimensions: 104 × 61 cm.,خشب مطعم. نقش «آية الكرسي» مكتوب بخط النسخ. المقاس: 104 × 61 سم.,Muhammed Saied Kalash,محمد سعيد كلش,,,Wood; Text; Calligraphy; Naskh,خشب؛ خط؛ خط عربي؛ خط النسخ,Wood,خشب,Inlaid wood,خشب مطعم,Text,خط,104 × 61 cm,ara; eng,Image;StillImage,اية الكرسي,130,95,wood works/130WD_104x61.jpg,,no,yes
wd-131,131WD_65x122.jpg,image/jpeg,Do good,وأحسنوا,Thuluth,خط الثلث,Inlaid wood. The inscription “Do good” is written in Thuluth. Dimensions: 65 × 122 cm.,خشب مطعم. نقش «وأحسنوا» مكتوب بخط الثلث. المقاس: 65 × 122 سم.,Muhammed Saied Kalash,محمد سعيد كلش,,,Wood; Text; Calligraphy; Thuluth,خشب؛ خط؛ خط عربي؛ خط الثلث,Wood,خشب,Inlaid wood,خشب مطعم,Text,خط,65 × 122 cm,ara; eng,Image;StillImage,واحسنوا,131,96,wood works/131WD_65x122.jpg,,no,yes
wd-132,132WD_89x51.jpg,image/jpeg,"In the name of God, the Most Gracious, the Most Merciful",بسم الله الرحمن الرحيم,Geometric Kufic,كوفي هندسي,"Inlaid wood. The inscription “In the name of God, the Most Gracious, the Most Merciful” is written in Geometric Kufic. Dimensions: 89 × 51 cm.",خشب مطعم. نقش «بسم الله الرحمن الرحيم» مكتوب بالكوفي الهندسي. المقاس: 89 × 51 سم.,Muhammed Saied Kalash,محمد سعيد كلش,,,Wood; Text; Calligraphy; Geometric Kufic,خشب؛ خط؛ خط عربي؛ كوفي هندسي,Wood,خشب,Inlaid wood,خشب مطعم,Text,خط,89 × 51 cm,ara; eng,Image;StillImage,بسم الله الرحمن الرحيم,132,97,wood works/132WD_89x51.jpg,,no,yes
wd-133,133WD_70x90.jpg,image/jpeg,Shake toward you the trunk of the palm; it will drop upon you fresh ripe dates (Maryam),وهزي إليك بجذع النخلة تساقط عليك رطباً جنياً,Kufic and Naskh,كوفي وخط النسخ,Inlaid wood. The inscription “Shake toward you the trunk of the palm; it will drop upon you fresh ripe dates (Maryam)” is written in Kufic and Naskh. Dimensions: 70 × 90 cm.,خشب مطعم. نقش «وهزي إليك بجذع النخلة تساقط عليك رطباً جنياً» مكتوب بالكوفي وخط النسخ. المقاس: 70 × 90 سم.,Muhammed Saied Kalash,محمد سعيد كلش,,,Wood; Text; Calligraphy; Kufic and Naskh,خشب؛ خط؛ خط عربي؛ كوفي وخط النسخ,Wood,خشب,Inlaid wood,خشب مطعم,Text,خط,70 × 90 cm,ara; eng,Image;StillImage,وهزي إليك بجذع النخلة تساقط عليك رطبا جنيا,133,98,wood works/133WD_70x90.jpg,,no,yes
wd-138,138WD_107X47.JPG,image/jpeg,"Do not become angry, and Paradise will be yours",لا تغضب ولك الجنة,Thuluth,خط الثلث,"Inlaid wood. The inscription “Do not become angry, and Paradise will be yours” is written in Thuluth. Dimensions: 107 × 47 cm.",خشب مطعم. نقش «لا تغضب ولك الجنة» مكتوب بخط الثلث. المقاس: 107 × 47 سم.,Muhammed Saied Kalash,محمد سعيد كلش,,,Wood; Text; Calligraphy; Thuluth,خشب؛ خط؛ خط عربي؛ خط الثلث,Wood,خشب,Inlaid wood,خشب مطعم,Text,خط,107 × 47 cm,ara; eng,Image;StillImage,لا تغضب ولك الجنة,138,99,wood works/138WD_107X47.JPG,,no,yes
wd-142,142WD_180X32.JPG,image/jpeg,"If your power tempts you to wrong people, remember the power of God over you",إذا دعتك قدرتك على ظلم الناس فتذكر قدرة الله عليك,Naskh,خط النسخ,"Inlaid wood. The inscription “If your power tempts you to wrong people, remember the power of God over you” is written in Naskh. Dimensions: 180 × 32 cm.",خشب مطعم. نقش «إذا دعتك قدرتك على ظلم الناس فتذكر قدرة الله عليك» مكتوب بخط النسخ. المقاس: 180 × 32 سم.,Muhammed Saied Kalash,محمد سعيد كلش,,,Wood; Text; Calligraphy; Naskh,خشب؛ خط؛ خط عربي؛ خط النسخ,Wood,خشب,Inlaid wood,خشب مطعم,Text,خط,180 × 32 cm,ara; eng,Image;StillImage,اذا دعتك قدرت على ظلم الناس فتذكر قدرة الله عليك,142,100,wood works/142WD_180X32.JPG,,no,yes
wd-143,143WD_102X42.JPG,image/jpeg,Praise be to God for the blessing of Islam,الحمد لله على نعمة الإسلام,Geometric Kufic,كوفي هندسي,Inlaid wood. The inscription “Praise be to God for the blessing of Islam” is written in Geometric Kufic. Dimensions: 102 × 42 cm.,خشب مطعم. نقش «الحمد لله على نعمة الإسلام» مكتوب بالكوفي الهندسي. المقاس: 102 × 42 سم.,Muhammed Saied Kalash,محمد سعيد كلش,,,Wood; Text; Calligraphy; Geometric Kufic,خشب؛ خط؛ خط عربي؛ كوفي هندسي,Wood,خشب,Inlaid wood,خشب مطعم,Text,خط,102 × 42 cm,ara; eng,Image;StillImage,الحمدلله على نعمة الاسلام,143,101,wood works/143WD_102X42.JPG,,no,yes
wd-145,145WD_235X30.JPG,image/jpeg,"Praise be to God, who guided us to this; we would not have been guided had God not guided us",الحمد لله الذي هدانا لهذا وما كنا لنهتدي لولا أن هدانا الله,Thuluth,خط الثلث,"Inlaid wood. The inscription “Praise be to God, who guided us to this; we would not have been guided had God not guided us” is written in Thuluth. Dimensions: 235 × 30 cm.",خشب مطعم. نقش «الحمد لله الذي هدانا لهذا وما كنا لنهتدي لولا أن هدانا الله» مكتوب بخط الثلث. المقاس: 235 × 30 سم.,Muhammed Saied Kalash,محمد سعيد كلش,,,Wood; Text; Calligraphy; Thuluth,خشب؛ خط؛ خط عربي؛ خط الثلث,Wood,خشب,Inlaid wood,خشب مطعم,Text,خط,235 × 30 cm,ara; eng,Image;StillImage,الحمدلله الذي هدانا الهدا وما كنا لنهتدي لولا هدانا الله,145,102,wood works/145WD_235X30.JPG,,no,yes
wd-014,14WD_52D.JPG,image/jpeg,Islamic ornament,زخرفة إسلامية,,,Inlaid wood. A decorative composition: Islamic ornament. Dated 1991. Dimensions: 52 cm Ø.,خشب مطعم. تكوين زخرفي: زخرفة إسلامية. أُنجز عام ١٩٩١. المقاس: 52 سم Ø.,Muhammed Saied Kalash,محمد سعيد كلش,1991,,Wood; Ornament,خشب؛ زخرفة,Wood,خشب,Inlaid wood,خشب مطعم,Ornament,زخرفة,52 cm Ø,ara; eng,Image;StillImage,Islamic ornaments,14,103,wood works/14WD_52D.JPG,,no,yes
wd-019,19WD_40x40.JPG,image/jpeg,Chessboard,رقعة شطرنج,,,Inlaid wood. A decorative composition: Chessboard. Dimensions: 40 × 40 cm.,خشب مطعم. تكوين زخرفي: رقعة شطرنج. المقاس: 40 × 40 سم.,Muhammed Saied Kalash,محمد سعيد كلش,,,Wood; Ornament,خشب؛ زخرفة,Wood,خشب,Inlaid wood,خشب مطعم,Ornament,زخرفة,40 × 40 cm,ara; eng,Image;StillImage,chess board,19,104,wood works/19WD_40x40.JPG,,no,yes
wd-021,21WD_79D.JPG,image/jpeg,"Allah, with Islamic ornament",الله مع زخرفة إسلامية,,,"Inlaid wood. A decorative composition: Allah, with Islamic ornament. Dated 2008. Dimensions: 79 cm Ø.",خشب مطعم. تكوين زخرفي: الله مع زخرفة إسلامية. أُنجز عام ٢٠٠٨. المقاس: 79 سم Ø.,Muhammed Saied Kalash,محمد سعيد كلش,2008,,Wood; Ornament,خشب؛ زخرفة,Wood,خشب,Inlaid wood,خشب مطعم,Ornament,زخرفة,79 cm Ø,ara; eng,Image;StillImage,الله (islamic ornaments),21,105,wood works/21WD_79D.JPG,,yes,yes
wd-022,22WD_82D.JPG,image/jpeg,Islamic ornament,زخرفة إسلامية,,,Inlaid wood. A decorative composition: Islamic ornament. Dated 1997. Dimensions: 82 cm Ø.,خشب مطعم. تكوين زخرفي: زخرفة إسلامية. أُنجز عام ١٩٩٧. المقاس: 82 سم Ø.,Muhammed Saied Kalash,محمد سعيد كلش,1997,,Wood; Ornament,خشب؛ زخرفة,Wood,خشب,Inlaid wood,خشب مطعم,Ornament,زخرفة,82 cm Ø,ara; eng,Image;StillImage,Islamic ornaments,22,106,wood works/22WD_82D.JPG,,no,yes
wd-044,44WD_41x83.JPG,image/jpeg,Islamic ornament,زخرفة إسلامية,,,Inlaid wood. A decorative composition: Islamic ornament. Dimensions: 41 × 83 cm.,خشب مطعم. تكوين زخرفي: زخرفة إسلامية. المقاس: 41 × 83 سم.,Muhammed Saied Kalash,محمد سعيد كلش,,,Wood; Ornament,خشب؛ زخرفة,Wood,خشب,Inlaid wood,خشب مطعم,Ornament,زخرفة,41 × 83 cm,ara; eng,Image;StillImage,Islamic ornaments,44,107,wood works/44WD_41x83.JPG,,no,yes
wd-075,75WD_82D.JPG,image/jpeg,Islamic ornament,زخرفة إسلامية,,,Inlaid wood. A decorative composition: Islamic ornament. Dimensions: 82 cm Ø.,خشب مطعم. تكوين زخرفي: زخرفة إسلامية. المقاس: 82 سم Ø.,Muhammed Saied Kalash,محمد سعيد كلش,,,Wood; Ornament,خشب؛ زخرفة,Wood,خشب,Inlaid wood,خشب مطعم,Ornament,زخرفة,82 cm Ø,ara; eng,Image;StillImage,Islamic ornaments,75,108,wood works/75WD_82D.JPG,,yes,yes
wd-081,81WD_52x72.JPG,image/jpeg,Islamic ornament (wood burning),زخرفة إسلامية (حرق على الخشب),,,Inlaid wood. A decorative composition: Islamic ornament (wood burning). Early work. Dimensions: 52 × 72 cm.,خشب مطعم. تكوين زخرفي: زخرفة إسلامية (حرق على الخشب). من الأعمال المبكرة. المقاس: 52 × 72 سم.,Muhammed Saied Kalash,محمد سعيد كلش,,early works,Wood; Ornament,خشب؛ زخرفة,Wood,خشب,Inlaid wood,خشب مطعم,Ornament,زخرفة,52 × 72 cm,ara; eng,Image;StillImage,Islamic ornaments (wood burning),81,109,wood works/81WD_52x72.JPG,,no,yes
wd-089,89WD_41X41.JPG,image/jpeg,Islamic ornament,زخرفة إسلامية,,,Inlaid wood. A decorative composition: Islamic ornament. Dimensions: 41 × 41 cm.,خشب مطعم. تكوين زخرفي: زخرفة إسلامية. المقاس: 41 × 41 سم.,Muhammed Saied Kalash,محمد سعيد كلش,,,Wood; Ornament,خشب؛ زخرفة,Wood,خشب,Inlaid wood,خشب مطعم,Ornament,زخرفة,41 × 41 cm,ara; eng,Image;StillImage,islamic ornam,89,110,wood works/89WD_41X41.JPG,,no,yes
wd-102,102WD_50D.jpg,image/jpeg,Islamic ornament,زخرفة إسلامية,,,Inlaid wood. A decorative composition: Islamic ornament. Dated 2006. Dimensions: 50 cm Ø.,خشب مطعم. تكوين زخرفي: زخرفة إسلامية. أُنجز عام ٢٠٠٦. المقاس: 50 سم Ø.,Muhammed Saied Kalash,محمد سعيد كلش,2006,,Wood; Ornament,خشب؛ زخرفة,Wood,خشب,Inlaid wood,خشب مطعم,Ornament,زخرفة,50 cm Ø,ara; eng,Image;StillImage,islamic ornam,102,111,wood works/102WD_50D.jpg,,no,yes
wd-103,103WD_50D.jpg,image/jpeg,Islamic ornament,زخرفة إسلامية,,,Inlaid wood. A decorative composition: Islamic ornament. Dated 2006. Dimensions: 50 cm Ø.,خشب مطعم. تكوين زخرفي: زخرفة إسلامية. أُنجز عام ٢٠٠٦. المقاس: 50 سم Ø.,Muhammed Saied Kalash,محمد سعيد كلش,2006,,Wood; Ornament,خشب؛ زخرفة,Wood,خشب,Inlaid wood,خشب مطعم,Ornament,زخرفة,50 cm Ø,ara; eng,Image;StillImage,islamic ornam,103,112,wood works/103WD_50D.jpg,,no,yes
wd-104,104WD_50D.jpg,image/jpeg,Islamic ornament,زخرفة إسلامية,,,Inlaid wood. A decorative composition: Islamic ornament. Dated 2006. Dimensions: 50 cm Ø.,خشب مطعم. تكوين زخرفي: زخرفة إسلامية. أُنجز عام ٢٠٠٦. المقاس: 50 سم Ø.,Muhammed Saied Kalash,محمد سعيد كلش,2006,,Wood; Ornament,خشب؛ زخرفة,Wood,خشب,Inlaid wood,خشب مطعم,Ornament,زخرفة,50 cm Ø,ara; eng,Image;StillImage,islamic ornam,104,113,wood works/104WD_50D.jpg,,no,yes
wd-135,135WD_176X30.JPG,image/jpeg,Botanical ornament,زخرفة نباتية,,,Inlaid wood. A decorative composition: Botanical ornament. Dimensions: 178 × 30 cm.,خشب مطعم. تكوين زخرفي: زخرفة نباتية. المقاس: 178 × 30 سم.,Muhammed Saied Kalash,محمد سعيد كلش,,,Wood; Ornament,خشب؛ زخرفة,Wood,خشب,Inlaid wood,خشب مطعم,Ornament,زخرفة,178 × 30 cm,ara; eng,Image;StillImage,botanic ornament,135,114,wood works/135WD_176X30.JPG,,no,yes
wd-139,139WD_48D.JPG,image/jpeg,Botanical ornament,زخرفة نباتية,,,Inlaid wood. A decorative composition: Botanical ornament. Dimensions: 48 cm Ø.,خشب مطعم. تكوين زخرفي: زخرفة نباتية. المقاس: 48 سم Ø.,Muhammed Saied Kalash,محمد سعيد كلش,,,Wood; Ornament,خشب؛ زخرفة,Wood,خشب,Inlaid wood,خشب مطعم,Ornament,زخرفة,48 cm Ø,ara; eng,Image;StillImage,botanic ornament,139,115,wood works/139WD_48D.JPG,,no,yes
wd-141,141WD_50D.JPG,image/jpeg,Islamic ornament,زخرفة إسلامية,,,Inlaid wood. A decorative composition: Islamic ornament. Dated 2006. Dimensions: 50 cm Ø.,خشب مطعم. تكوين زخرفي: زخرفة إسلامية. أُنجز عام ٢٠٠٦. المقاس: 50 سم Ø.,Muhammed Saied Kalash,محمد سعيد كلش,2006,,Wood; Ornament,خشب؛ زخرفة,Wood,خشب,Inlaid wood,خشب مطعم,Ornament,زخرفة,50 cm Ø,ara; eng,Image;StillImage,islamic ornam,141,116,wood works/141WD_50D.JPG,,no,yes
wd-144,144WD_40X40.JPG,image/jpeg,Chessboard,رقعة شطرنج,,,Inlaid wood. A decorative composition: Chessboard. Dimensions: 40 × 40 cm.,خشب مطعم. تكوين زخرفي: رقعة شطرنج. المقاس: 40 × 40 سم.,Muhammed Saied Kalash,محمد سعيد كلش,,,Wood; Ornament,خشب؛ زخرفة,Wood,خشب,Inlaid wood,خشب مطعم,Ornament,زخرفة,40 × 40 cm,ara; eng,Image;StillImage,chess board,144,117,wood works/144WD_40X40.JPG,,no,yes
wd-002,2WD_40x60.JPG,image/jpeg,Abstract geometry,هندسة مجردة,,,Inlaid wood. A geometric composition: Abstract geometry. Dated 2011. Dimensions: 40 × 60 cm.,خشب مطعم. تكوين هندسي: هندسة مجردة. أُنجز عام ٢٠١١. المقاس: 40 × 60 سم.,Muhammed Saied Kalash,محمد سعيد كلش,2011,,Wood; Geometry,خشب؛ هندسة,Wood,خشب,Inlaid wood,خشب مطعم,Geometry,هندسة,40 × 60 cm,ara; eng,Image;StillImage,abstract geometry,2,118,wood works/2WD_40x60.JPG,,no,yes
wd-003,3WD_40x60.JPG,image/jpeg,Abstract geometry,هندسة مجردة,,,Inlaid wood. A geometric composition: Abstract geometry. Dated 2011. Dimensions: 40 × 60 cm.,خشب مطعم. تكوين هندسي: هندسة مجردة. أُنجز عام ٢٠١١. المقاس: 40 × 60 سم.,Muhammed Saied Kalash,محمد سعيد كلش,2011,,Wood; Geometry,خشب؛ هندسة,Wood,خشب,Inlaid wood,خشب مطعم,Geometry,هندسة,40 × 60 cm,ara; eng,Image;StillImage,abstract geometry,3,119,wood works/3WD_40x60.JPG,,yes,yes
wd-004,4WD_40x60.JPG,image/jpeg,Abstract geometry,هندسة مجردة,,,Inlaid wood. A geometric composition: Abstract geometry. Dated 2011. Dimensions: 40 × 60 cm.,خشب مطعم. تكوين هندسي: هندسة مجردة. أُنجز عام ٢٠١١. المقاس: 40 × 60 سم.,Muhammed Saied Kalash,محمد سعيد كلش,2011,,Wood; Geometry,خشب؛ هندسة,Wood,خشب,Inlaid wood,خشب مطعم,Geometry,هندسة,40 × 60 cm,ara; eng,Image;StillImage,abstract geometry,4,120,wood works/4WD_40x60.JPG,,no,yes
wd-011,11WD_58x73.JPG,image/jpeg,Abstract geometry,هندسة مجردة,,,Inlaid wood. A geometric composition: Abstract geometry. Dated 2010. Dimensions: 58 × 73 cm.,خشب مطعم. تكوين هندسي: هندسة مجردة. أُنجز عام ٢٠١٠. المقاس: 58 × 73 سم.,Muhammed Saied Kalash,محمد سعيد كلش,2010,,Wood; Geometry,خشب؛ هندسة,Wood,خشب,Inlaid wood,خشب مطعم,Geometry,هندسة,58 × 73 cm,ara; eng,Image;StillImage,abstract geometry,11,121,wood works/11WD_58x73.JPG,,yes,yes
wd-015,15WD_41x60.JPG,image/jpeg,Abstract geometry,هندسة مجردة,,,Inlaid wood. A geometric composition: Abstract geometry. Dimensions: 41 × 60 cm.,خشب مطعم. تكوين هندسي: هندسة مجردة. المقاس: 41 × 60 سم.,Muhammed Saied Kalash,محمد سعيد كلش,,,Wood; Geometry,خشب؛ هندسة,Wood,خشب,Inlaid wood,خشب مطعم,Geometry,هندسة,41 × 60 cm,ara; eng,Image;StillImage,abstract geometry,15,122,wood works/15WD_41x60.JPG,,yes,yes
wd-028,28WD_80x130.JPG,image/jpeg,Islamic geometry,هندسة إسلامية,,,Inlaid wood. A geometric composition: Islamic geometry. Dimensions: 80 × 130 cm.,خشب مطعم. تكوين هندسي: هندسة إسلامية. المقاس: 80 × 130 سم.,Muhammed Saied Kalash,محمد سعيد كلش,,,Wood; Geometry,خشب؛ هندسة,Wood,خشب,Inlaid wood,خشب مطعم,Geometry,هندسة,80 × 130 cm,ara; eng,Image;StillImage,islamic geometry,28,123,wood works/28WD_80x130.JPG,,yes,yes
wd-031,31WD_113x113.JPG,image/jpeg,Islamic geometry,هندسة إسلامية,,,Inlaid wood. A geometric composition: Islamic geometry. Dimensions: 113 × 113 cm.,خشب مطعم. تكوين هندسي: هندسة إسلامية. المقاس: 113 × 113 سم.,Muhammed Saied Kalash,محمد سعيد كلش,,,Wood; Geometry,خشب؛ هندسة,Wood,خشب,Inlaid wood,خشب مطعم,Geometry,هندسة,113 × 113 cm,ara; eng,Image;StillImage,islamic geometry,31,124,wood works/31WD_113x113.JPG,,yes,yes
wd-043,43WD_70x30.JPG,image/jpeg,Islamic geometry,هندسة إسلامية,,,Inlaid wood. A geometric composition: Islamic geometry. Dated 1992. Dimensions: 70 × 30 cm.,خشب مطعم. تكوين هندسي: هندسة إسلامية. أُنجز عام ١٩٩٢. المقاس: 70 × 30 سم.,Muhammed Saied Kalash,محمد سعيد كلش,1992,,Wood; Geometry,خشب؛ هندسة,Wood,خشب,Inlaid wood,خشب مطعم,Geometry,هندسة,70 × 30 cm,ara; eng,Image;StillImage,islamic geometry,43,125,wood works/43WD_70x30.JPG,,no,yes
wd-048,48WD_40x60.JPG,image/jpeg,Abstract geometry — six-pointed star,هندسة مجردة — نجمة سداسية,,,Inlaid wood. A geometric composition: Abstract geometry — six-pointed star. Dimensions: 40 × 60 cm.,خشب مطعم. تكوين هندسي: هندسة مجردة — نجمة سداسية. المقاس: 40 × 60 سم.,Muhammed Saied Kalash,محمد سعيد كلش,,,Wood; Geometry,خشب؛ هندسة,Wood,خشب,Inlaid wood,خشب مطعم,Geometry,هندسة,40 × 60 cm,ara; eng,Image;StillImage,abstract geometry - Six pointed star,48,126,wood works/48WD_40x60.JPG,,no,yes
wd-054,54WD_85D.JPG,image/jpeg,Islamic geometry,هندسة إسلامية,,,Inlaid wood. A geometric composition: Islamic geometry. Dimensions: 85 cm Ø.,خشب مطعم. تكوين هندسي: هندسة إسلامية. المقاس: 85 سم Ø.,Muhammed Saied Kalash,محمد سعيد كلش,,,Wood; Geometry,خشب؛ هندسة,Wood,خشب,Inlaid wood,خشب مطعم,Geometry,هندسة,85 cm Ø,ara; eng,Image;StillImage,islamic geometry,54,127,wood works/54WD_85D.JPG,,yes,yes
wd-060,60WD_70x30.JPG,image/jpeg,Islamic geometry,هندسة إسلامية,,,Inlaid wood. A geometric composition: Islamic geometry. Dimensions: 70 × 30 cm.,خشب مطعم. تكوين هندسي: هندسة إسلامية. المقاس: 70 × 30 سم.,Muhammed Saied Kalash,محمد سعيد كلش,,,Wood; Geometry,خشب؛ هندسة,Wood,خشب,Inlaid wood,خشب مطعم,Geometry,هندسة,70 × 30 cm,ara; eng,Image;StillImage,islamic geometry,60,128,wood works/60WD_70x30.JPG,,yes,yes
wd-061,61WD_80x122.JPG,image/jpeg,"In the name of God, the Most Gracious, the Most Merciful — with geometry",بسم الله الرحمن الرحيم مع هندسة,,,"Inlaid wood. A geometric composition: In the name of God, the Most Gracious, the Most Merciful — with geometry. Dimensions: 80 × 122 cm.",خشب مطعم. تكوين هندسي: بسم الله الرحمن الرحيم مع هندسة. المقاس: 80 × 122 سم.,Muhammed Saied Kalash,محمد سعيد كلش,,,Wood; Geometry,خشب؛ هندسة,Wood,خشب,Inlaid wood,خشب مطعم,Geometry,هندسة,80 × 122 cm,ara; eng,Image;StillImage,بسم الله الرحمن الرحيم + geometry,61,129,wood works/61WD_80x122.JPG,,no,yes
wd-062,62WD_82x127.JPG,image/jpeg,Islamic geometry,هندسة إسلامية,,,Inlaid wood. A geometric composition: Islamic geometry. Dimensions: 82 × 127 cm.,خشب مطعم. تكوين هندسي: هندسة إسلامية. المقاس: 82 × 127 سم.,Muhammed Saied Kalash,محمد سعيد كلش,,,Wood; Geometry,خشب؛ هندسة,Wood,خشب,Inlaid wood,خشب مطعم,Geometry,هندسة,82 × 127 cm,ara; eng,Image;StillImage,islamic geometry,62,130,wood works/62WD_82x127.JPG,,no,yes
wd-063,63WD_75x104.JPG,image/jpeg,Islamic geometry,هندسة إسلامية,,,Inlaid wood. A geometric composition: Islamic geometry. Dimensions: 75 × 104 cm.,خشب مطعم. تكوين هندسي: هندسة إسلامية. المقاس: 75 × 104 سم.,Muhammed Saied Kalash,محمد سعيد كلش,,,Wood; Geometry,خشب؛ هندسة,Wood,خشب,Inlaid wood,خشب مطعم,Geometry,هندسة,75 × 104 cm,ara; eng,Image;StillImage,islamic geometry,63,131,wood works/63WD_75x104.JPG,,no,yes
wd-073,73WD_63X78.JPG,image/jpeg,Islamic geometry,هندسة إسلامية,,,Inlaid wood. A geometric composition: Islamic geometry. Dimensions: 63 × 78 cm.,خشب مطعم. تكوين هندسي: هندسة إسلامية. المقاس: 63 × 78 سم.,Muhammed Saied Kalash,محمد سعيد كلش,,,Wood; Geometry,خشب؛ هندسة,Wood,خشب,Inlaid wood,خشب مطعم,Geometry,هندسة,63 × 78 cm,ara; eng,Image;StillImage,islamic geometry,73,132,wood works/73WD_63X78.JPG,,yes,yes
wd-074,74WD_65X82.JPG,image/jpeg,Islamic geometry,هندسة إسلامية,,,Inlaid wood. A geometric composition: Islamic geometry. Dimensions: 65 × 82 cm.,خشب مطعم. تكوين هندسي: هندسة إسلامية. المقاس: 65 × 82 سم.,Muhammed Saied Kalash,محمد سعيد كلش,,,Wood; Geometry,خشب؛ هندسة,Wood,خشب,Inlaid wood,خشب مطعم,Geometry,هندسة,65 × 82 cm,ara; eng,Image;StillImage,islamic geometry,74,133,wood works/74WD_65X82.JPG,,no,yes
wd-076,76WD_124X47.JPG,image/jpeg,Islamic geometry,هندسة إسلامية,,,Inlaid wood. A geometric composition: Islamic geometry. Dimensions: 124 × 47 cm.,خشب مطعم. تكوين هندسي: هندسة إسلامية. المقاس: 124 × 47 سم.,Muhammed Saied Kalash,محمد سعيد كلش,,,Wood; Geometry,خشب؛ هندسة,Wood,خشب,Inlaid wood,خشب مطعم,Geometry,هندسة,124 × 47 cm,ara; eng,Image;StillImage,islamic geometry,76,134,wood works/76WD_124X47.JPG,,yes,yes
wd-082,82WD_100x122.JPG,image/jpeg,Islamic geometry with a woman's profile,هندسة إسلامية مع وجه امرأة جانبي,,,Inlaid wood. A geometric composition: Islamic geometry with a woman's profile. Dimensions: 100 × 122 cm.,خشب مطعم. تكوين هندسي: هندسة إسلامية مع وجه امرأة جانبي. المقاس: 100 × 122 سم.,Muhammed Saied Kalash,محمد سعيد كلش,,,Wood; Geometry,خشب؛ هندسة,Wood,خشب,Inlaid wood,خشب مطعم,Geometry,هندسة,100 × 122 cm,ara; eng,Image;StillImage,islamic geometry with a woman's side face,82,135,wood works/82WD_100x122.JPG,,no,yes
wd-086,86WD_58X73.JPG,image/jpeg,Abstract geometry,هندسة مجردة,,,Inlaid wood. A geometric composition: Abstract geometry. Dimensions: 58 × 73 cm.,خشب مطعم. تكوين هندسي: هندسة مجردة. المقاس: 58 × 73 سم.,Muhammed Saied Kalash,محمد سعيد كلش,,,Wood; Geometry,خشب؛ هندسة,Wood,خشب,Inlaid wood,خشب مطعم,Geometry,هندسة,58 × 73 cm,ara; eng,Image;StillImage,abstract geometry,86,136,wood works/86WD_58X73.JPG,,no,yes
wd-117,117WD_40x59.jpg,image/jpeg,Abstract geometry,هندسة مجردة,,,Inlaid wood. A geometric composition: Abstract geometry. Dated 2011. Dimensions: 40 × 59 cm.,خشب مطعم. تكوين هندسي: هندسة مجردة. أُنجز عام ٢٠١١. المقاس: 40 × 59 سم.,Muhammed Saied Kalash,محمد سعيد كلش,2011,,Wood; Geometry,خشب؛ هندسة,Wood,خشب,Inlaid wood,خشب مطعم,Geometry,هندسة,40 × 59 cm,ara; eng,Image;StillImage,abstract geometry,117,137,wood works/117WD_40x59.jpg,,yes,yes
wd-118,118WD_96x22.jpg,image/jpeg,Islamic geometry I,هندسة إسلامية ١,,,Inlaid wood. A geometric composition: Islamic geometry I. Dimensions: 96 × 22 cm.,خشب مطعم. تكوين هندسي: هندسة إسلامية ١. المقاس: 96 × 22 سم.,Muhammed Saied Kalash,محمد سعيد كلش,,,Wood; Geometry,خشب؛ هندسة,Wood,خشب,Inlaid wood,خشب مطعم,Geometry,هندسة,96 × 22 cm,ara; eng,Image;StillImage,islamic geometry I,118,138,wood works/118WD_96x22.jpg,,no,yes
wd-119,119WD_90x26.jpg,image/jpeg,Islamic geometry II,هندسة إسلامية ٢,,,Inlaid wood. A geometric composition: Islamic geometry II. Dimensions: 90 × 26 cm.,خشب مطعم. تكوين هندسي: هندسة إسلامية ٢. المقاس: 90 × 26 سم.,Muhammed Saied Kalash,محمد سعيد كلش,,,Wood; Geometry,خشب؛ هندسة,Wood,خشب,Inlaid wood,خشب مطعم,Geometry,هندسة,90 × 26 cm,ara; eng,Image;StillImage,islamic geometry II,119,139,wood works/119WD_90x26.jpg,,no,yes
wd-121,121WD_82D.jpg,image/jpeg,Islamic geometry,هندسة إسلامية,,,Inlaid wood. A geometric composition: Islamic geometry. Dimensions: 82 cm Ø.,خشب مطعم. تكوين هندسي: هندسة إسلامية. المقاس: 82 سم Ø.,Muhammed Saied Kalash,محمد سعيد كلش,,,Wood; Geometry,خشب؛ هندسة,Wood,خشب,Inlaid wood,خشب مطعم,Geometry,هندسة,82 cm Ø,ara; eng,Image;StillImage,islamic geometry,121,140,wood works/121WD_82D.jpg,,yes,yes
wd-134,134WD_246X84.JPG,image/jpeg,Islamic geometry,هندسة إسلامية,,,Inlaid wood. A geometric composition: Islamic geometry. Dated 2009. Dimensions: 246 × 84 cm.,خشب مطعم. تكوين هندسي: هندسة إسلامية. أُنجز عام ٢٠٠٩. المقاس: 246 × 84 سم.,Muhammed Saied Kalash,محمد سعيد كلش,2009,,Wood; Geometry,خشب؛ هندسة,Wood,خشب,Inlaid wood,خشب مطعم,Geometry,هندسة,246 × 84 cm,ara; eng,Image;StillImage,islamic geometry,134,141,wood works/134WD_246X84.JPG,,no,yes
wd-136,136WD_40X68.JPG,image/jpeg,Abstract geometry,هندسة مجردة,,,Inlaid wood. A geometric composition: Abstract geometry. Dated 2011. Dimensions: 40 × 68 cm.,خشب مطعم. تكوين هندسي: هندسة مجردة. أُنجز عام ٢٠١١. المقاس: 40 × 68 سم.,Muhammed Saied Kalash,محمد سعيد كلش,2011,,Wood; Geometry,خشب؛ هندسة,Wood,خشب,Inlaid wood,خشب مطعم,Geometry,هندسة,40 × 68 cm,ara; eng,Image;StillImage,abstract geometry,136,142,wood works/136WD_40X68.JPG,,no,yes
wd-137,137WD_40X68.JPG,image/jpeg,Abstract geometry,هندسة مجردة,,,Inlaid wood. A geometric composition: Abstract geometry. Dated 2011. Dimensions: 40 × 68 cm.,خشب مطعم. تكوين هندسي: هندسة مجردة. أُنجز عام ٢٠١١. المقاس: 40 × 68 سم.,Muhammed Saied Kalash,محمد سعيد كلش,2011,,Wood; Geometry,خشب؛ هندسة,Wood,خشب,Inlaid wood,خشب مطعم,Geometry,هندسة,40 × 68 cm,ara; eng,Image;StillImage,abstract geometry,137,143,wood works/137WD_40X68.JPG,,no,yes
wd-140,140WD_41D.JPG,image/jpeg,Islamic geometry,هندسة إسلامية,,,Inlaid wood. A geometric composition: Islamic geometry. Dimensions: 41 cm Ø.,خشب مطعم. تكوين هندسي: هندسة إسلامية. المقاس: 41 سم Ø.,Muhammed Saied Kalash,محمد سعيد كلش,,,Wood; Geometry,خشب؛ هندسة,Wood,خشب,Inlaid wood,خشب مطعم,Geometry,هندسة,41 cm Ø,ara; eng,Image;StillImage,islamic geometry,140,144,wood works/140WD_41D.JPG,,no,yes
wdgls-122,122WGD_120x120.jpg,image/jpeg,"This is from the grace of my Lord, with wood ornament",هذا من فضل ربي مع زخرفة خشب,Kufic and Thuluth,كوفي وخط الثلث,"Inlaid wood and glass. The inscription “This is from the grace of my Lord, with wood ornament” is written in Kufic and Thuluth. Dimensions: 120 × 120 cm.",خشب مطعم وزجاج. نقش «هذا من فضل ربي مع زخرفة خشب» مكتوب بالكوفي وخط الثلث. المقاس: 120 × 120 سم.,Muhammed Saied Kalash,محمد سعيد كلش,,,Wood and glass; Text; Calligraphy; Kufic and Thuluth,خشب وزجاج؛ خط؛ خط عربي؛ كوفي وخط الثلث,Wood and glass,خشب وزجاج,Inlaid wood and glass,خشب مطعم وزجاج,Text,خط,120 × 120 cm,ara; eng,Image;StillImage,هذا من فضل ربي + زخرفة خشب,122,145,wood works/122WGD_120x120.jpg,,no,yes
gls-001,1GLS_69X91.jpg,image/jpeg,We shall turn you to a qibla that will please you,فلنولينك قبلة ترضاها,Geometric Kufic,كوفي هندسي,Painting on glass. The inscription “We shall turn you to a qibla that will please you” is written in Geometric Kufic. Dimensions: 69 × 91 cm.,رسم على الزجاج. نقش «فلنولينك قبلة ترضاها» مكتوب بالكوفي الهندسي. المقاس: 69 × 91 سم.,Muhammed Saied Kalash,محمد سعيد كلش,,,Glass; Text; Calligraphy; Geometric Kufic,زجاج؛ خط؛ خط عربي؛ كوفي هندسي,Glass,زجاج,Painting on glass,رسم على الزجاج,Text,خط,69 × 91 cm,ara; eng,Image;StillImage,فلنولينك قبلة ترضاها,1,146,glass acrylic/1GLS_69X91.jpg,,yes,yes
gls-003,3GLS_93X93.jpg,image/jpeg,Dominion belongs to God; might belongs to God,الملك لله، العزة لله,Geometric Kufic,كوفي هندسي,Painting on glass. The inscription “Dominion belongs to God; might belongs to God” is written in Geometric Kufic. Dated 2005. Dimensions: 93 × 93 cm.,رسم على الزجاج. نقش «الملك لله، العزة لله» مكتوب بالكوفي الهندسي. أُنجز عام ٢٠٠٥. المقاس: 93 × 93 سم.,Muhammed Saied Kalash,محمد سعيد كلش,2005,,Glass; Text; Calligraphy; Geometric Kufic,زجاج؛ خط؛ خط عربي؛ كوفي هندسي,Glass,زجاج,Painting on glass,رسم على الزجاج,Text,خط,93 × 93 cm,ara; eng,Image;StillImage,الملك لله العزة لله,3,147,glass acrylic/3GLS_93X93.jpg,,no,yes
gls-007,7GLS_95X75.JPG,image/jpeg,We have seen you turn your face toward heaven; We shall turn you to a qibla that will please you,قد نرى تقلب وجهك في السماء فلنولينك قبلة ترضاها,Naskh,خط النسخ,Painting on glass. The inscription “We have seen you turn your face toward heaven; We shall turn you to a qibla that will please you” is written in Naskh. Dimensions: 95 × 75 cm.,رسم على الزجاج. نقش «قد نرى تقلب وجهك في السماء فلنولينك قبلة ترضاها» مكتوب بخط النسخ. المقاس: 95 × 75 سم.,Muhammed Saied Kalash,محمد سعيد كلش,,,Glass; Text; Calligraphy; Naskh,زجاج؛ خط؛ خط عربي؛ خط النسخ,Glass,زجاج,Painting on glass,رسم على الزجاج,Text,خط,95 × 75 cm,ara; eng,Image;StillImage,قد ترى تقلب وجهك في السماء فلنولينك قبلة ترضاها,7,148,glass acrylic/7GLS_95X75.JPG,,no,yes
gls-015,15GLS_84X125.JPG,image/jpeg,"And We have enjoined upon man to be good to his parents… My Lord, enable me to be grateful (Al-Ahqaf 15)",ووصينا الإنسان بوالديه إحساناً… ربِّ أوزعني أن أشكر نعمتك,Naskh,خط النسخ,"Painting on glass. The inscription “And We have enjoined upon man to be good to his parents… My Lord, enable me to be grateful (Al-Ahqaf 15)” is written in Naskh. Dimensions: 84 × 125 cm. Full inscription is given in Arabic.",رسم على الزجاج. نقش «ووصينا الإنسان بوالديه إحساناً… ربِّ أوزعني أن أشكر نعمتك» مكتوب بخط النسخ. المقاس: 84 × 125 سم. النص الكامل: ووصينا الانسان بوالديه احسانا حملته امه كرها ووضعته كرها وحمله وفصاله ثلاثون شهرا حتى اذا بلغ اشده وبلغ اربعين سنة قال ربي اوزعني ان اشكر نعمتك التي اوزعت علي وعلى والدي وان اعمل صالحا ترضاه واصلح لي في ذريتي اني تبت اليك واني من المسلمين,Muhammed Saied Kalash,محمد سعيد كلش,,,Glass; Text; Calligraphy; Naskh,زجاج؛ خط؛ خط عربي؛ خط النسخ,Glass,زجاج,Painting on glass,رسم على الزجاج,Text,خط,84 × 125 cm,ara; eng,Image;StillImage,ووصينا الانسان بوالديه احسانا حملته امه كرها ووضعته كرها وحمله وفصاله ثلاثون شهرا حتى اذا بلغ اشده وبلغ اربعين سنة قال ربي اوزعني ان اشكر نعمتك التي اوزعت علي وعلى والدي وان اعمل صالحا ترضاه واصلح لي في ذريتي اني تبت اليك واني من المسلمين,15,149,glass acrylic/15GLS_84X125.JPG,,no,yes
gls-017,17GLS_93X54.JPG,image/jpeg,"In the name of God, the Most Gracious, the Most Merciful",بسم الله الرحمن الرحيم,Geometric Kufic,كوفي هندسي,"Painting on glass. The inscription “In the name of God, the Most Gracious, the Most Merciful” is written in Geometric Kufic. Dimensions: 93 × 54 cm.",رسم على الزجاج. نقش «بسم الله الرحمن الرحيم» مكتوب بالكوفي الهندسي. المقاس: 93 × 54 سم.,Muhammed Saied Kalash,محمد سعيد كلش,,,Glass; Text; Calligraphy; Geometric Kufic,زجاج؛ خط؛ خط عربي؛ كوفي هندسي,Glass,زجاج,Painting on glass,رسم على الزجاج,Text,خط,93 × 54 cm,ara; eng,Image;StillImage,بسم الله الرحمن الرحيم,17,150,glass acrylic/17GLS_93X54.JPG,,yes,yes
gls-018,18GLS_93X54.JPG,image/jpeg,"In the name of God, the Most Gracious, the Most Merciful",بسم الله الرحمن الرحيم,Geometric Kufic,كوفي هندسي,"Painting on glass. The inscription “In the name of God, the Most Gracious, the Most Merciful” is written in Geometric Kufic. Dimensions: 93 × 54 cm.",رسم على الزجاج. نقش «بسم الله الرحمن الرحيم» مكتوب بالكوفي الهندسي. المقاس: 93 × 54 سم.,Muhammed Saied Kalash,محمد سعيد كلش,,,Glass; Text; Calligraphy; Geometric Kufic,زجاج؛ خط؛ خط عربي؛ كوفي هندسي,Glass,زجاج,Painting on glass,رسم على الزجاج,Text,خط,93 × 54 cm,ara; eng,Image;StillImage,بسم الله الرحمن الرحيم,18,151,glass acrylic/18GLS_93X54.JPG,,no,yes
gls-023,23GLS_66X66.JPG,image/jpeg,"My Lord, increase me in knowledge",وقل ربي زدني علماً,Foliated Kufic,كوفي مزهر,"Painting on glass. The inscription “My Lord, increase me in knowledge” is written in Foliated Kufic. Dimensions: 66 × 66 cm.",رسم على الزجاج. نقش «وقل ربي زدني علماً» مكتوب بالكوفي المزهر. المقاس: 66 × 66 سم.,Muhammed Saied Kalash,محمد سعيد كلش,,,Glass; Text; Calligraphy; Foliated Kufic,زجاج؛ خط؛ خط عربي؛ كوفي مزهر,Glass,زجاج,Painting on glass,رسم على الزجاج,Text,خط,66 × 66 cm,ara; eng,Image;StillImage,وقل ربي زدني علما,23,152,glass acrylic/23GLS_66X66.JPG,,yes,yes
gls-024,24GLS_55X55.JPG,image/jpeg,This is from the grace of my Lord,هذا من فضل ربي,Foliated Kufic,كوفي مزهر,Painting on glass. The inscription “This is from the grace of my Lord” is written in Foliated Kufic. Dated 2016. Dimensions: 55 × 55 cm.,رسم على الزجاج. نقش «هذا من فضل ربي» مكتوب بالكوفي المزهر. أُنجز عام ٢٠١٦. المقاس: 55 × 55 سم.,Muhammed Saied Kalash,محمد سعيد كلش,2016,,Glass; Text; Calligraphy; Foliated Kufic,زجاج؛ خط؛ خط عربي؛ كوفي مزهر,Glass,زجاج,Painting on glass,رسم على الزجاج,Text,خط,55 × 55 cm,ara; eng,Image;StillImage,هذا من فضل ربي,24,153,glass acrylic/24GLS_55X55.JPG,,no,yes
gls-025,25GLS_55X55.JPG,image/jpeg,Light upon light,نور على نور,Kufic,كوفي,Painting on glass. The inscription “Light upon light” is written in Kufic. Dated 2016. Dimensions: 55 × 55 cm.,رسم على الزجاج. نقش «نور على نور» مكتوب بالكوفي. أُنجز عام ٢٠١٦. المقاس: 55 × 55 سم.,Muhammed Saied Kalash,محمد سعيد كلش,2016,,Glass; Text; Calligraphy; Kufic,زجاج؛ خط؛ خط عربي؛ كوفي,Glass,زجاج,Painting on glass,رسم على الزجاج,Text,خط,55 × 55 cm,ara; eng,Image;StillImage,نور على نور,25,154,glass acrylic/25GLS_55X55.JPG,,yes,yes
gls-026,26GLS_55X55.JPG,image/jpeg,Glory be to God,سبحان الله,Thuluth,خط الثلث,Painting on glass. The inscription “Glory be to God” is written in Thuluth. Dimensions: 55 × 55 cm.,رسم على الزجاج. نقش «سبحان الله» مكتوب بخط الثلث. المقاس: 55 × 55 سم.,Muhammed Saied Kalash,محمد سعيد كلش,,,Glass; Text; Calligraphy; Thuluth,زجاج؛ خط؛ خط عربي؛ خط الثلث,Glass,زجاج,Painting on glass,رسم على الزجاج,Text,خط,55 × 55 cm,ara; eng,Image;StillImage,سبحان الله,26,155,glass acrylic/26GLS_55X55.JPG,,no,yes
gls-031,31GLS_93X72.JPG,image/jpeg,Ayat al-Kursi,آية الكرسي,Naskh,خط النسخ,Painting on glass. The inscription “Ayat al-Kursi” is written in Naskh. Dated 2006. Dimensions: 93 × 72 cm.,رسم على الزجاج. نقش «آية الكرسي» مكتوب بخط النسخ. أُنجز عام ٢٠٠٦. المقاس: 93 × 72 سم.,Muhammed Saied Kalash,محمد سعيد كلش,2006,,Glass; Text; Calligraphy; Naskh,زجاج؛ خط؛ خط عربي؛ خط النسخ,Glass,زجاج,Painting on glass,رسم على الزجاج,Text,خط,93 × 72 cm,ara; eng,Image;StillImage,آية الكرسي,31,156,glass acrylic/31GLS_93X72.JPG,,no,yes
gls-032,32GLS_55X75.JPG,image/jpeg,Surah Al-Ikhlas,سورة الإخلاص,Thuluth,خط الثلث,Painting on glass. The inscription “Surah Al-Ikhlas” is written in Thuluth. Dimensions: 55 × 75 cm.,رسم على الزجاج. نقش «سورة الإخلاص» مكتوب بخط الثلث. المقاس: 55 × 75 سم.,Muhammed Saied Kalash,محمد سعيد كلش,,,Glass; Text; Calligraphy; Thuluth,زجاج؛ خط؛ خط عربي؛ خط الثلث,Glass,زجاج,Painting on glass,رسم على الزجاج,Text,خط,55 × 75 cm,ara; eng,Image;StillImage,سورة الاخلاص,32,157,glass acrylic/32GLS_55X75.JPG,,no,yes
gls-033,33GLS_55X75.JPG,image/jpeg,"In the name of God, the Most Gracious, the Most Merciful",بسم الله الرحمن الرحيم,Geometric Kufic,كوفي هندسي,"Painting on glass. The inscription “In the name of God, the Most Gracious, the Most Merciful” is written in Geometric Kufic. Dimensions: 55 × 75 cm.",رسم على الزجاج. نقش «بسم الله الرحمن الرحيم» مكتوب بالكوفي الهندسي. المقاس: 55 × 75 سم.,Muhammed Saied Kalash,محمد سعيد كلش,,,Glass; Text; Calligraphy; Geometric Kufic,زجاج؛ خط؛ خط عربي؛ كوفي هندسي,Glass,زجاج,Painting on glass,رسم على الزجاج,Text,خط,55 × 75 cm,ara; eng,Image;StillImage,بسم الله الرحمن الرحيم,33,158,glass acrylic/33GLS_55X75.JPG,,yes,yes
gls-034,34GLS_55X75.JPG,image/jpeg,"Say: He is God, One (Al-Ikhlas)",قل هو الله أحد,Thuluth,خط الثلث,"Painting on glass. The inscription “Say: He is God, One (Al-Ikhlas)” is written in Thuluth. Dated 2021. Dimensions: 55 × 75 cm.",رسم على الزجاج. نقش «قل هو الله أحد» مكتوب بخط الثلث. أُنجز عام ٢٠٢١. المقاس: 55 × 75 سم.,Muhammed Saied Kalash,محمد سعيد كلش,2021,,Glass; Text; Calligraphy; Thuluth,زجاج؛ خط؛ خط عربي؛ خط الثلث,Glass,زجاج,Painting on glass,رسم على الزجاج,Text,خط,55 × 75 cm,ara; eng,Image;StillImage,قل هو الله احد,34,159,glass acrylic/34GLS_55X75.JPG,,no,yes
gls-036,36GLS_91X110.JPG,image/jpeg,"Our Lord, we have heard a caller calling to faith: Believe in your Lord — so we have believed",ربنا إننا سمعنا منادياً ينادي للإيمان أن آمنوا بربكم فآمنا,Kufic,كوفي,"Painting on glass. The inscription “Our Lord, we have heard a caller calling to faith: Believe in your Lord — so we have believed” is written in Kufic. Dimensions: 91 × 110 cm.",رسم على الزجاج. نقش «ربنا إننا سمعنا منادياً ينادي للإيمان أن آمنوا بربكم فآمنا» مكتوب بالكوفي. المقاس: 91 × 110 سم.,Muhammed Saied Kalash,محمد سعيد كلش,,,Glass; Text; Calligraphy; Kufic,زجاج؛ خط؛ خط عربي؛ كوفي,Glass,زجاج,Painting on glass,رسم على الزجاج,Text,خط,91 × 110 cm,ara; eng,Image;StillImage,ربنا اننا سمعنا مناديا ينادي للايمن ان امنوا بربكم فئامنا,36,160,glass acrylic/36GLS_91X110.JPG,,yes,yes
gls-037,37GLS_77X107.JPG,image/jpeg,And He taught you what you did not know — and the favor of God upon you has been great,وعلّمك ما لم تكن تعلم وكان فضل الله عليك عظيماً,Kufic and Naskh,كوفي وخط النسخ,Painting on glass. The inscription “And He taught you what you did not know — and the favor of God upon you has been great” is written in Kufic and Naskh. Dimensions: 77 × 107 cm.,رسم على الزجاج. نقش «وعلّمك ما لم تكن تعلم وكان فضل الله عليك عظيماً» مكتوب بالكوفي وخط النسخ. المقاس: 77 × 107 سم.,Muhammed Saied Kalash,محمد سعيد كلش,,,Glass; Text; Calligraphy; Kufic and Naskh,زجاج؛ خط؛ خط عربي؛ كوفي وخط النسخ,Glass,زجاج,Painting on glass,رسم على الزجاج,Text,خط,77 × 107 cm,ara; eng,Image;StillImage,وعلمك ما لم تعلم - وكان فضل الله عليك عظيما,37,161,glass acrylic/37GLS_77X107.JPG,,no,yes
gls-042,42GLS_43X57.JPG,image/jpeg,"Say: He is God, One (Al-Ikhlas)",قل هو الله أحد,Thuluth,خط الثلث,"Painting on glass. The inscription “Say: He is God, One (Al-Ikhlas)” is written in Thuluth. Dated 2021. Dimensions: 43 × 57 cm.",رسم على الزجاج. نقش «قل هو الله أحد» مكتوب بخط الثلث. أُنجز عام ٢٠٢١. المقاس: 43 × 57 سم.,Muhammed Saied Kalash,محمد سعيد كلش,2021,,Glass; Text; Calligraphy; Thuluth,زجاج؛ خط؛ خط عربي؛ خط الثلث,Glass,زجاج,Painting on glass,رسم على الزجاج,Text,خط,43 × 57 cm,ara; eng,Image;StillImage,قل هو الله احد,42,162,glass acrylic/42GLS_43X57.JPG,,no,yes
gls-043,43GLS_57X43.JPG,image/jpeg,The beginning of wisdom is fear of God,رأس الحكمة مخافة الله,Thuluth,خط الثلث,Painting on glass. The inscription “The beginning of wisdom is fear of God” is written in Thuluth. Dimensions: 57 × 43 cm.,رسم على الزجاج. نقش «رأس الحكمة مخافة الله» مكتوب بخط الثلث. المقاس: 57 × 43 سم.,Muhammed Saied Kalash,محمد سعيد كلش,,,Glass; Text; Calligraphy; Thuluth,زجاج؛ خط؛ خط عربي؛ خط الثلث,Glass,زجاج,Painting on glass,رسم على الزجاج,Text,خط,57 × 43 cm,ara; eng,Image;StillImage,رأس الحكمة مخافة الله,43,163,glass acrylic/43GLS_57X43.JPG,,no,yes
gls-045,45GLS_55X75.JPG,image/jpeg,Patience,صبراً,Thuluth,خط الثلث,Painting on glass. The inscription “Patience” is written in Thuluth. Dated 2019. Dimensions: 55 × 75 cm.,رسم على الزجاج. نقش «صبراً» مكتوب بخط الثلث. أُنجز عام ٢٠١٩. المقاس: 55 × 75 سم.,Muhammed Saied Kalash,محمد سعيد كلش,2019,,Glass; Text; Calligraphy; Thuluth,زجاج؛ خط؛ خط عربي؛ خط الثلث,Glass,زجاج,Painting on glass,رسم على الزجاج,Text,خط,55 × 75 cm,ara; eng,Image;StillImage,صبرا,45,164,glass acrylic/45GLS_55X75.JPG,,yes,yes
gls-049,49GLS_54X74.JPG,image/jpeg,A hoopoe came to Solomon on the day of presentation… gifts are according to their givers,جاءت إلى سليمان يوم العرض هدهدة… إن الهدايا على مقدار مهديها,Naskh,خط النسخ,Painting on glass. The inscription “A hoopoe came to Solomon on the day of presentation… gifts are according to their givers” is written in Naskh. Dimensions: 54 × 74 cm. Full inscription is given in Arabic.,رسم على الزجاج. نقش «جاءت إلى سليمان يوم العرض هدهدة… إن الهدايا على مقدار مهديها» مكتوب بخط النسخ. المقاس: 54 × 74 سم. النص الكامل: جائت الى سليمان يوم العرض هدهدة> أهديت. له من جراد كان في فيها> وانشدت بلسان الحال قائلة> ان لاهدايا على مقدار مهديها، لو كان يهدى للانسان قيمته> لاأهديت لك الدنيا وما فيها,Muhammed Saied Kalash,محمد سعيد كلش,,,Glass; Text; Calligraphy; Naskh,زجاج؛ خط؛ خط عربي؛ خط النسخ,Glass,زجاج,Painting on glass,رسم على الزجاج,Text,خط,54 × 74 cm,ara; eng,Image;StillImage,جائت الى سليمان يوم العرض هدهدة> أهديت. له من جراد كان في فيها> وانشدت بلسان الحال قائلة> ان لاهدايا على مقدار مهديها، لو كان يهدى للانسان قيمته> لاأهديت لك الدنيا وما فيها,49,165,glass acrylic/49GLS_54X74.JPG,,no,yes
gls-053,53GLS_43X57.JPG,image/jpeg,"Say: He is God, One (Al-Ikhlas)",قل هو الله أحد,Thuluth,خط الثلث,"Painting on glass. The inscription “Say: He is God, One (Al-Ikhlas)” is written in Thuluth. Dimensions: 43 × 57 cm.",رسم على الزجاج. نقش «قل هو الله أحد» مكتوب بخط الثلث. المقاس: 43 × 57 سم.,Muhammed Saied Kalash,محمد سعيد كلش,,,Glass; Text; Calligraphy; Thuluth,زجاج؛ خط؛ خط عربي؛ خط الثلث,Glass,زجاج,Painting on glass,رسم على الزجاج,Text,خط,43 × 57 cm,ara; eng,Image;StillImage,قل هو الله احد,53,166,glass acrylic/53GLS_43X57.JPG,,no,yes
gls-055,55GLS_43X57.JPG,image/jpeg,On this earth is what deserves life (Mahmoud Darwish),على هذه الأرض ما يستحق الحياة,Naskh,خط النسخ,Painting on glass. The inscription “On this earth is what deserves life (Mahmoud Darwish)” is written in Naskh. Dimensions: 43 × 57 cm.,رسم على الزجاج. نقش «على هذه الأرض ما يستحق الحياة» مكتوب بخط النسخ. المقاس: 43 × 57 سم.,Muhammed Saied Kalash,محمد سعيد كلش,,,Glass; Text; Calligraphy; Naskh,زجاج؛ خط؛ خط عربي؛ خط النسخ,Glass,زجاج,Painting on glass,رسم على الزجاج,Text,خط,43 × 57 cm,ara; eng,Image;StillImage,على هذه الارض ما يستحق الحياة,55,167,glass acrylic/55GLS_43X57.JPG,,no,yes
gls-057,57GLS_43X57.JPG,image/jpeg,On this earth is what deserves life (Mahmoud Darwish),على هذه الأرض ما يستحق الحياة,Naskh,خط النسخ,Painting on glass. The inscription “On this earth is what deserves life (Mahmoud Darwish)” is written in Naskh. Dimensions: 43 × 57 cm.,رسم على الزجاج. نقش «على هذه الأرض ما يستحق الحياة» مكتوب بخط النسخ. المقاس: 43 × 57 سم.,Muhammed Saied Kalash,محمد سعيد كلش,,,Glass; Text; Calligraphy; Naskh,زجاج؛ خط؛ خط عربي؛ خط النسخ,Glass,زجاج,Painting on glass,رسم على الزجاج,Text,خط,43 × 57 cm,ara; eng,Image;StillImage,على هذه الارض ما يستحق الحياة,57,168,glass acrylic/57GLS_43X57.JPG,,yes,yes
gls-058,58GLS_43X57.JPG,image/jpeg,On this earth is what deserves life (Mahmoud Darwish),على هذه الأرض ما يستحق الحياة,Naskh,خط النسخ,Painting on glass. The inscription “On this earth is what deserves life (Mahmoud Darwish)” is written in Naskh. Dated 2019. Dimensions: 43 × 57 cm.,رسم على الزجاج. نقش «على هذه الأرض ما يستحق الحياة» مكتوب بخط النسخ. أُنجز عام ٢٠١٩. المقاس: 43 × 57 سم.,Muhammed Saied Kalash,محمد سعيد كلش,2019,,Glass; Text; Calligraphy; Naskh,زجاج؛ خط؛ خط عربي؛ خط النسخ,Glass,زجاج,Painting on glass,رسم على الزجاج,Text,خط,43 × 57 cm,ara; eng,Image;StillImage,على هذه الارض ما يستحق الحياة,58,169,glass acrylic/58GLS_43X57.JPG,,no,yes
gls-064,64GLS_73X53.jpg,image/jpeg,And the favor of God upon you has been great,وكان فضل الله عليك عظيماً,Naskh,خط النسخ,Painting on glass. The inscription “And the favor of God upon you has been great” is written in Naskh. Dated 2003. Dimensions: 73 × 53 cm.,رسم على الزجاج. نقش «وكان فضل الله عليك عظيماً» مكتوب بخط النسخ. أُنجز عام ٢٠٠٣. المقاس: 73 × 53 سم.,Muhammed Saied Kalash,محمد سعيد كلش,2003,,Glass; Text; Calligraphy; Naskh,زجاج؛ خط؛ خط عربي؛ خط النسخ,Glass,زجاج,Painting on glass,رسم على الزجاج,Text,خط,73 × 53 cm,ara; eng,Image;StillImage,وكان فضل الله عليك عظيما,64,170,glass acrylic/64GLS_73X53.jpg,,no,yes
gls-066,66GLS_93X73.jpg,image/jpeg,"Your Lord is the Forgiving, the Lord of mercy",وربك الغفور ذو الرحمة,Kufic,كوفي,"Painting on glass. The inscription “Your Lord is the Forgiving, the Lord of mercy” is written in Kufic. Dimensions: 93 × 73 cm.",رسم على الزجاج. نقش «وربك الغفور ذو الرحمة» مكتوب بالكوفي. المقاس: 93 × 73 سم.,Muhammed Saied Kalash,محمد سعيد كلش,,,Glass; Text; Calligraphy; Kufic,زجاج؛ خط؛ خط عربي؛ كوفي,Glass,زجاج,Painting on glass,رسم على الزجاج,Text,خط,93 × 73 cm,ara; eng,Image;StillImage,وربك الغفور ذو الرحمة,66,171,glass acrylic/66GLS_93X73.jpg,,yes,yes
gls-067,67GLS_111X68.jpg,image/jpeg,Ayat al-Kursi,آية الكرسي,Naskh,خط النسخ,Painting on glass. The inscription “Ayat al-Kursi” is written in Naskh. Dimensions: 111 × 68 cm.,رسم على الزجاج. نقش «آية الكرسي» مكتوب بخط النسخ. المقاس: 111 × 68 سم.,Muhammed Saied Kalash,محمد سعيد كلش,,,Glass; Text; Calligraphy; Naskh,زجاج؛ خط؛ خط عربي؛ خط النسخ,Glass,زجاج,Painting on glass,رسم على الزجاج,Text,خط,111 × 68 cm,ara; eng,Image;StillImage,آية الكرسي,67,172,glass acrylic/67GLS_111X68.jpg,,no,yes
gls-068,68GLS_106X106.jpg,image/jpeg,"Seek knowledge: learning it for God is reverence, studying it is glorification…",تعلموا العلم فإن تعلّمه لله خشية، ودراسته تسبيح، والبحث عنه جهاد، وطلبه عبادة,Kufic and Naskh,كوفي وخط النسخ,"Painting on glass. The inscription “Seek knowledge: learning it for God is reverence, studying it is glorification…” is written in Kufic and Naskh. Dated 2005. Dimensions: 106 × 106 cm. Full inscription is given in Arabic.",رسم على الزجاج. نقش «تعلموا العلم فإن تعلّمه لله خشية، ودراسته تسبيح، والبحث عنه جهاد، وطلبه عبادة» مكتوب بالكوفي وخط النسخ. أُنجز عام ٢٠٠٥. المقاس: 106 × 106 سم. النص الكامل: تعلموا العلم فان تعلمه لله خشية، ودراسته تسبيح، والبحث عنه جهاد، وطلبه عبادة، وتليمه صدقة، وبذله لاهله، قربة لانه معالم الحلال والحرام,Muhammed Saied Kalash,محمد سعيد كلش,2005,,Glass; Text; Calligraphy; Kufic and Naskh,زجاج؛ خط؛ خط عربي؛ كوفي وخط النسخ,Glass,زجاج,Painting on glass,رسم على الزجاج,Text,خط,106 × 106 cm,ara; eng,Image;StillImage,تعلموا العلم فان تعلمه لله خشية، ودراسته تسبيح، والبحث عنه جهاد، وطلبه عبادة، وتليمه صدقة، وبذله لاهله، قربة لانه معالم الحلال والحرام,68,173,glass acrylic/68GLS_106X106.jpg,,no,yes
gls-070,70GLS_90X50.jpg,image/jpeg,"Our Lord, we have heard a caller calling to faith: Believe in your Lord — so we have believed",ربنا إننا سمعنا منادياً ينادي للإيمان أن آمنوا بربكم فآمنا,Kufic,كوفي,"Painting on glass. The inscription “Our Lord, we have heard a caller calling to faith: Believe in your Lord — so we have believed” is written in Kufic. Dimensions: 90 × 50 cm.",رسم على الزجاج. نقش «ربنا إننا سمعنا منادياً ينادي للإيمان أن آمنوا بربكم فآمنا» مكتوب بالكوفي. المقاس: 90 × 50 سم.,Muhammed Saied Kalash,محمد سعيد كلش,,,Glass; Text; Calligraphy; Kufic,زجاج؛ خط؛ خط عربي؛ كوفي,Glass,زجاج,Painting on glass,رسم على الزجاج,Text,خط,90 × 50 cm,ara; eng,Image;StillImage,ربنا اننا سمعنا مناديا ينادي للايمن ان امنوا بربكم فئامنا,70,174,glass acrylic/70GLS_90X50.jpg,,no,yes
gls-071,71GLS_79X59.jpg,image/jpeg,God is the Light of the heavens and the earth,الله نور السموات والأرض,Thuluth,خط الثلث,Painting on glass. The inscription “God is the Light of the heavens and the earth” is written in Thuluth. Dated 2016. Dimensions: 79 × 59 cm.,رسم على الزجاج. نقش «الله نور السموات والأرض» مكتوب بخط الثلث. أُنجز عام ٢٠١٦. المقاس: 79 × 59 سم.,Muhammed Saied Kalash,محمد سعيد كلش,2016,,Glass; Text; Calligraphy; Thuluth,زجاج؛ خط؛ خط عربي؛ خط الثلث,Glass,زجاج,Painting on glass,رسم على الزجاج,Text,خط,79 × 59 cm,ara; eng,Image;StillImage,الله نور السموات والارض,71,175,glass acrylic/71GLS_79X59.jpg,,no,yes
gls-073,73GLS_42X56.jpg,image/jpeg,Indeed We have given you a clear opening,إنا فتحنا لك فتحاً مبيناً,Kufic,كوفي,Painting on glass. The inscription “Indeed We have given you a clear opening” is written in Kufic. Dimensions: 42 × 56 cm.,رسم على الزجاج. نقش «إنا فتحنا لك فتحاً مبيناً» مكتوب بالكوفي. المقاس: 42 × 56 سم.,Muhammed Saied Kalash,محمد سعيد كلش,,,Glass; Text; Calligraphy; Kufic,زجاج؛ خط؛ خط عربي؛ كوفي,Glass,زجاج,Painting on glass,رسم على الزجاج,Text,خط,42 × 56 cm,ara; eng,Image;StillImage,انا فتحنا لك فتحا مبينا,73,176,glass acrylic/73GLS_42X56.jpg,,no,yes
gls-076,76GLS_92X52.jpg,image/jpeg,"Cooperate in righteousness and piety, and do not cooperate in sin and aggression",وتعاونوا على البر والتقوى ولا تعاونوا على الإثم والعدوان,Naskh,خط النسخ,"Painting on glass. The inscription “Cooperate in righteousness and piety, and do not cooperate in sin and aggression” is written in Naskh. Dated 2015. Dimensions: 92 × 52 cm.",رسم على الزجاج. نقش «وتعاونوا على البر والتقوى ولا تعاونوا على الإثم والعدوان» مكتوب بخط النسخ. أُنجز عام ٢٠١٥. المقاس: 92 × 52 سم.,Muhammed Saied Kalash,محمد سعيد كلش,2015,,Glass; Text; Calligraphy; Naskh,زجاج؛ خط؛ خط عربي؛ خط النسخ,Glass,زجاج,Painting on glass,رسم على الزجاج,Text,خط,92 × 52 cm,ara; eng,Image;StillImage,وتعاونوا على البر والتقوى ولا تعاونوا على الاثم والعدوان,76,177,glass acrylic/76GLS_92X52.jpg,,no,yes
gls-084,84GLS_80X80.jpg,image/jpeg,Praise be to God,الحمد لله,Kufic,كوفي,Painting on glass. The inscription “Praise be to God” is written in Kufic. Dated 2015. Dimensions: 80 × 80 cm.,رسم على الزجاج. نقش «الحمد لله» مكتوب بالكوفي. أُنجز عام ٢٠١٥. المقاس: 80 × 80 سم.,Muhammed Saied Kalash,محمد سعيد كلش,2015,,Glass; Text; Calligraphy; Kufic,زجاج؛ خط؛ خط عربي؛ كوفي,Glass,زجاج,Painting on glass,رسم على الزجاج,Text,خط,80 × 80 cm,ara; eng,Image;StillImage,الحمد لله,84,178,glass acrylic/84GLS_80X80.jpg,,no,yes
gls-085,85GLS_62X48.jpg,image/jpeg,The butterfly effect is not seen; the butterfly effect does not vanish (Mahmoud Darwish),أثر الفراشة لا يُرى، أثر الفراشة لا يزول,Kufic,كوفي,Painting on glass. The inscription “The butterfly effect is not seen; the butterfly effect does not vanish (Mahmoud Darwish)” is written in Kufic. Dated 2015. Dimensions: 62 × 48 cm.,رسم على الزجاج. نقش «أثر الفراشة لا يُرى، أثر الفراشة لا يزول» مكتوب بالكوفي. أُنجز عام ٢٠١٥. المقاس: 62 × 48 سم.,Muhammed Saied Kalash,محمد سعيد كلش,2015,,Glass; Text; Calligraphy; Kufic,زجاج؛ خط؛ خط عربي؛ كوفي,Glass,زجاج,Painting on glass,رسم على الزجاج,Text,خط,62 × 48 cm,ara; eng,Image;StillImage,اثر الفراشة لا يرى اثر الفراشة لا يزول,85,179,glass acrylic/85GLS_62X48.jpg,,yes,yes
gls-086,86GLS_62X48.jpg,image/jpeg,The butterfly effect is not seen; the butterfly effect does not vanish (Mahmoud Darwish),أثر الفراشة لا يُرى، أثر الفراشة لا يزول,Kufic,كوفي,Painting on glass. The inscription “The butterfly effect is not seen; the butterfly effect does not vanish (Mahmoud Darwish)” is written in Kufic. Dated 2015. Dimensions: 62 × 48 cm.,رسم على الزجاج. نقش «أثر الفراشة لا يُرى، أثر الفراشة لا يزول» مكتوب بالكوفي. أُنجز عام ٢٠١٥. المقاس: 62 × 48 سم.,Muhammed Saied Kalash,محمد سعيد كلش,2015,,Glass; Text; Calligraphy; Kufic,زجاج؛ خط؛ خط عربي؛ كوفي,Glass,زجاج,Painting on glass,رسم على الزجاج,Text,خط,62 × 48 cm,ara; eng,Image;StillImage,اثر الفراشة لا يرى اثر الفراشة لا يزول,86,180,glass acrylic/86GLS_62X48.jpg,,yes,yes
gls-087,87GLS_55X55.jpg,image/jpeg,Stand at the corner of the dream and fight (Samih al-Qasim),قف على ناصية الحلم وقاتل,Kufic,كوفي,Painting on glass. The inscription “Stand at the corner of the dream and fight (Samih al-Qasim)” is written in Kufic. Dated 2015. Dimensions: 55 × 55 cm.,رسم على الزجاج. نقش «قف على ناصية الحلم وقاتل» مكتوب بالكوفي. أُنجز عام ٢٠١٥. المقاس: 55 × 55 سم.,Muhammed Saied Kalash,محمد سعيد كلش,2015,,Glass; Text; Calligraphy; Kufic,زجاج؛ خط؛ خط عربي؛ كوفي,Glass,زجاج,Painting on glass,رسم على الزجاج,Text,خط,55 × 55 cm,ara; eng,Image;StillImage,قف على ناصية الحلم وقاتل,87,181,glass acrylic/87GLS_55X55.jpg,,no,yes
gls-088,88GLS_58X58.jpg,image/jpeg,Light upon light,نور على نور,Thuluth,خط الثلث,Painting on glass. The inscription “Light upon light” is written in Thuluth. Dimensions: 58 × 58 cm.,رسم على الزجاج. نقش «نور على نور» مكتوب بخط الثلث. المقاس: 58 × 58 سم.,Muhammed Saied Kalash,محمد سعيد كلش,,,Glass; Text; Calligraphy; Thuluth,زجاج؛ خط؛ خط عربي؛ خط الثلث,Glass,زجاج,Painting on glass,رسم على الزجاج,Text,خط,58 × 58 cm,ara; eng,Image;StillImage,نور عى نور,88,182,glass acrylic/88GLS_58X58.jpg,,no,yes
gls-100,100GLS_47X47.jpg,image/jpeg,"Say: He is God, One (Al-Ikhlas)",قل هو الله أحد,Thuluth,خط الثلث,"Painting on glass. The inscription “Say: He is God, One (Al-Ikhlas)” is written in Thuluth. Dimensions: 47 × 47 cm.",رسم على الزجاج. نقش «قل هو الله أحد» مكتوب بخط الثلث. المقاس: 47 × 47 سم.,Muhammed Saied Kalash,محمد سعيد كلش,,,Glass; Text; Calligraphy; Thuluth,زجاج؛ خط؛ خط عربي؛ خط الثلث,Glass,زجاج,Painting on glass,رسم على الزجاج,Text,خط,47 × 47 cm,ara; eng,Image;StillImage,قل هو الله احد,100,183,glass acrylic/100GLS_47X47.jpg,,no,yes
gls-102,102GLS_72X45.jpg,image/jpeg,"In the name of God, the Most Gracious, the Most Merciful",بسم الله الرحمن الرحيم,Geometric Kufic,كوفي هندسي,"Painting on glass. The inscription “In the name of God, the Most Gracious, the Most Merciful” is written in Geometric Kufic. Dated 2007. Dimensions: 72 × 45 cm.",رسم على الزجاج. نقش «بسم الله الرحمن الرحيم» مكتوب بالكوفي الهندسي. أُنجز عام ٢٠٠٧. المقاس: 72 × 45 سم.,Muhammed Saied Kalash,محمد سعيد كلش,2007,,Glass; Text; Calligraphy; Geometric Kufic,زجاج؛ خط؛ خط عربي؛ كوفي هندسي,Glass,زجاج,Painting on glass,رسم على الزجاج,Text,خط,72 × 45 cm,ara; eng,Image;StillImage,بسم الله الرحمن الرحيم,102,184,glass acrylic/102GLS_72X45.jpg,,no,yes
gls-103,103GLS_90X52.jpg,image/jpeg,"Our Lord, we have heard a caller calling to faith: Believe in your Lord — so we have believed",ربنا سمعنا منادياً ينادي للإيمان أن آمنوا بربكم فآمنا,Naskh,خط النسخ,"Painting on glass. The inscription “Our Lord, we have heard a caller calling to faith: Believe in your Lord — so we have believed” is written in Naskh. Dated 2016. Dimensions: 90 × 52 cm.",رسم على الزجاج. نقش «ربنا سمعنا منادياً ينادي للإيمان أن آمنوا بربكم فآمنا» مكتوب بخط النسخ. أُنجز عام ٢٠١٦. المقاس: 90 × 52 سم.,Muhammed Saied Kalash,محمد سعيد كلش,2016,,Glass; Text; Calligraphy; Naskh,زجاج؛ خط؛ خط عربي؛ خط النسخ,Glass,زجاج,Painting on glass,رسم على الزجاج,Text,خط,90 × 52 cm,ara; eng,Image;StillImage,ربنا سمعنا مناديا ينادي للايمان ان امنوا بربكم فامنا,103,185,glass acrylic/103GLS_90X52.jpg,,no,yes
gls-104,104GLS_93X52.JPG,image/jpeg,God is sufficient for me,حسبي الله,Geometric Kufic,كوفي هندسي,Painting on glass. The inscription “God is sufficient for me” is written in Geometric Kufic. Dated 2005. Dimensions: 93 × 52 cm.,رسم على الزجاج. نقش «حسبي الله» مكتوب بالكوفي الهندسي. أُنجز عام ٢٠٠٥. المقاس: 93 × 52 سم.,Muhammed Saied Kalash,محمد سعيد كلش,2005,,Glass; Text; Calligraphy; Geometric Kufic,زجاج؛ خط؛ خط عربي؛ كوفي هندسي,Glass,زجاج,Painting on glass,رسم على الزجاج,Text,خط,93 × 52 cm,ara; eng,Image;StillImage,حسبي الله,104,186,glass acrylic/104GLS_93X52.JPG,,yes,yes
gls-105,105GLS_43X57.JPG,image/jpeg,Say: I seek refuge in the Lord of daybreak (Al-Falaq),قل أعوذ برب الفلق,Thuluth,خط الثلث,Painting on glass. The inscription “Say: I seek refuge in the Lord of daybreak (Al-Falaq)” is written in Thuluth. Dimensions: 43 × 57 cm.,رسم على الزجاج. نقش «قل أعوذ برب الفلق» مكتوب بخط الثلث. المقاس: 43 × 57 سم.,Muhammed Saied Kalash,محمد سعيد كلش,,,Glass; Text; Calligraphy; Thuluth,زجاج؛ خط؛ خط عربي؛ خط الثلث,Glass,زجاج,Painting on glass,رسم على الزجاج,Text,خط,43 × 57 cm,ara; eng,Image;StillImage,قل اعوذ برب الفلق,105,187,glass acrylic/105GLS_43X57.JPG,,yes,yes
gls-109,109GLS_46X46.JPG,image/jpeg,Say: I seek refuge in the Lord of people (An-Nas),قل أعوذ برب الناس,Thuluth,خط الثلث,Painting on glass. The inscription “Say: I seek refuge in the Lord of people (An-Nas)” is written in Thuluth. Dimensions: 46 × 46 cm.,رسم على الزجاج. نقش «قل أعوذ برب الناس» مكتوب بخط الثلث. المقاس: 46 × 46 سم.,Muhammed Saied Kalash,محمد سعيد كلش,,,Glass; Text; Calligraphy; Thuluth,زجاج؛ خط؛ خط عربي؛ خط الثلث,Glass,زجاج,Painting on glass,رسم على الزجاج,Text,خط,46 × 46 cm,ara; eng,Image;StillImage,قل اعوذ برب الناس,109,188,glass acrylic/109GLS_46X46.JPG,,no,yes
gls-110,110GLS_46X46.JPG,image/jpeg,Say: I seek refuge in the Lord of daybreak (Al-Falaq),قل أعوذ برب الفلق,Thuluth,خط الثلث,Painting on glass. The inscription “Say: I seek refuge in the Lord of daybreak (Al-Falaq)” is written in Thuluth. Dimensions: 46 × 46 cm.,رسم على الزجاج. نقش «قل أعوذ برب الفلق» مكتوب بخط الثلث. المقاس: 46 × 46 سم.,Muhammed Saied Kalash,محمد سعيد كلش,,,Glass; Text; Calligraphy; Thuluth,زجاج؛ خط؛ خط عربي؛ خط الثلث,Glass,زجاج,Painting on glass,رسم على الزجاج,Text,خط,46 × 46 cm,ara; eng,Image;StillImage,قل اعوذ برب الفلق,110,189,glass acrylic/110GLS_46X46.JPG,,no,yes
gls-111,111GLS_45X45.JPG,image/jpeg,Say: I seek refuge in the Lord of people (An-Nas),قل أعوذ برب الناس,Thuluth,خط الثلث,Painting on glass. The inscription “Say: I seek refuge in the Lord of people (An-Nas)” is written in Thuluth. Dated 2021. Dimensions: 45 × 45 cm.,رسم على الزجاج. نقش «قل أعوذ برب الناس» مكتوب بخط الثلث. أُنجز عام ٢٠٢١. المقاس: 45 × 45 سم.,Muhammed Saied Kalash,محمد سعيد كلش,2021,,Glass; Text; Calligraphy; Thuluth,زجاج؛ خط؛ خط عربي؛ خط الثلث,Glass,زجاج,Painting on glass,رسم على الزجاج,Text,خط,45 × 45 cm,ara; eng,Image;StillImage,قل اعوذ برب الناس,111,190,glass acrylic/111GLS_45X45.JPG,,no,yes
gls-114,114GLS_55X55.JPG,image/jpeg,This is from the grace of my Lord,هذا من فضل ربي,Foliated Kufic,كوفي مزهر,Painting on glass. The inscription “This is from the grace of my Lord” is written in Foliated Kufic. Dimensions: 55 × 55 cm.,رسم على الزجاج. نقش «هذا من فضل ربي» مكتوب بالكوفي المزهر. المقاس: 55 × 55 سم.,Muhammed Saied Kalash,محمد سعيد كلش,,,Glass; Text; Calligraphy; Foliated Kufic,زجاج؛ خط؛ خط عربي؛ كوفي مزهر,Glass,زجاج,Painting on glass,رسم على الزجاج,Text,خط,55 × 55 cm,ara; eng,Image;StillImage,هذا من فضل ربي,114,191,glass acrylic/114GLS_55X55.JPG,,no,yes
gls-115,115GLS_43X57.JPG,image/jpeg,We shall turn you to a qibla that will please you,فلنولينك قبلة ترضاها قد نرى تقلب وجهك في السماء,Kufic,كوفي,Painting on glass. The inscription “We shall turn you to a qibla that will please you” is written in Kufic. Dimensions: 43 × 57 cm.,رسم على الزجاج. نقش «فلنولينك قبلة ترضاها قد نرى تقلب وجهك في السماء» مكتوب بالكوفي. المقاس: 43 × 57 سم.,Muhammed Saied Kalash,محمد سعيد كلش,,,Glass; Text; Calligraphy; Kufic,زجاج؛ خط؛ خط عربي؛ كوفي,Glass,زجاج,Painting on glass,رسم على الزجاج,Text,خط,43 × 57 cm,ara; eng,Image;StillImage,فلنولينك قبلة ترضاها قد نرى تقلب وجهك في السماء,115,192,glass acrylic/115GLS_43X57.JPG,,no,yes
gls-116,116GLS_58X58.JPG,image/jpeg,This is from the grace of my Lord,هذا من فضل ربي,Foliated Kufic,كوفي مزهر,Painting on glass. The inscription “This is from the grace of my Lord” is written in Foliated Kufic. Dated 2004. Dimensions: 58 × 58 cm.,رسم على الزجاج. نقش «هذا من فضل ربي» مكتوب بالكوفي المزهر. أُنجز عام ٢٠٠٤. المقاس: 58 × 58 سم.,Muhammed Saied Kalash,محمد سعيد كلش,2004,,Glass; Text; Calligraphy; Foliated Kufic,زجاج؛ خط؛ خط عربي؛ كوفي مزهر,Glass,زجاج,Painting on glass,رسم على الزجاج,Text,خط,58 × 58 cm,ara; eng,Image;StillImage,هذا من فضل ربي,116,193,glass acrylic/116GLS_58X58.JPG,,no,yes
gls-117,117GLS_72X42.JPG,image/jpeg,"In the name of God, the Most Gracious, the Most Merciful",بسم الله الرحمن الرحيم,Geometric Kufic,كوفي هندسي,"Painting on glass. The inscription “In the name of God, the Most Gracious, the Most Merciful” is written in Geometric Kufic. Dimensions: 72 × 42 cm.",رسم على الزجاج. نقش «بسم الله الرحمن الرحيم» مكتوب بالكوفي الهندسي. المقاس: 72 × 42 سم.,Muhammed Saied Kalash,محمد سعيد كلش,,,Glass; Text; Calligraphy; Geometric Kufic,زجاج؛ خط؛ خط عربي؛ كوفي هندسي,Glass,زجاج,Painting on glass,رسم على الزجاج,Text,خط,72 × 42 cm,ara; eng,Image;StillImage,بسم الله الرحمن الرحيم,117,194,glass acrylic/117GLS_72X42.JPG,,no,yes
gls-118,118GLS_90X53.JPG,image/jpeg,Resolves come according to the people of resolve (Al-Mutanabbi),على قدر أهل العزم تأتي العزائم وتأتي على قدر الكرام المكارم,Naskh,خط النسخ,Painting on glass. The inscription “Resolves come according to the people of resolve (Al-Mutanabbi)” is written in Naskh. Dimensions: 90 × 53 cm.,رسم على الزجاج. نقش «على قدر أهل العزم تأتي العزائم وتأتي على قدر الكرام المكارم» مكتوب بخط النسخ. المقاس: 90 × 53 سم.,Muhammed Saied Kalash,محمد سعيد كلش,,,Glass; Text; Calligraphy; Naskh,زجاج؛ خط؛ خط عربي؛ خط النسخ,Glass,زجاج,Painting on glass,رسم على الزجاج,Text,خط,90 × 53 cm,ara; eng,Image;StillImage,على قدر اهل العزائم تأتي العزائم وتأتي على قدر الكرام المكارم,118,195,glass acrylic/118GLS_90X53.JPG,,no,yes
gls-119,119GLS_80X40.JPG,image/jpeg,Has the time not come for those who have believed that their hearts should humble at the remembrance of God and what has come down of the truth?,ألم يأن للذين آمنوا أن تخشع قلوبهم لذكر الله وما نزل من الحق,Naskh,خط النسخ,Painting on glass. The inscription “Has the time not come for those who have believed that their hearts should humble at the remembrance of God and what has come down of the truth?” is written in Naskh. Dimensions: 80 × 40 cm.,رسم على الزجاج. نقش «ألم يأن للذين آمنوا أن تخشع قلوبهم لذكر الله وما نزل من الحق» مكتوب بخط النسخ. المقاس: 80 × 40 سم.,Muhammed Saied Kalash,محمد سعيد كلش,,,Glass; Text; Calligraphy; Naskh,زجاج؛ خط؛ خط عربي؛ خط النسخ,Glass,زجاج,Painting on glass,رسم على الزجاج,Text,خط,80 × 40 cm,ara; eng,Image;StillImage,ألم يأن للذين امنوا ان تخشع قلوبهم لذكر الله وما نزل من الحق,119,196,glass acrylic/119GLS_80X40.JPG,,no,yes
gls-120,120GLS_80X40.JPG,image/jpeg,Has the time not come for those who have believed that their hearts should humble at the remembrance of God and what has come down of the truth?,ألم يأن للذين آمنوا أن تخشع قلوبهم لذكر الله وما نزل من الحق,Naskh,خط النسخ,Painting on glass. The inscription “Has the time not come for those who have believed that their hearts should humble at the remembrance of God and what has come down of the truth?” is written in Naskh. Dimensions: 80 × 40 cm.,رسم على الزجاج. نقش «ألم يأن للذين آمنوا أن تخشع قلوبهم لذكر الله وما نزل من الحق» مكتوب بخط النسخ. المقاس: 80 × 40 سم.,Muhammed Saied Kalash,محمد سعيد كلش,,,Glass; Text; Calligraphy; Naskh,زجاج؛ خط؛ خط عربي؛ خط النسخ,Glass,زجاج,Painting on glass,رسم على الزجاج,Text,خط,80 × 40 cm,ara; eng,Image;StillImage,ألم يأن للذين امنوا ان تخشع قلوبهم لذكر الله وما نزل من الحق,120,197,glass acrylic/120GLS_80X40.JPG,,no,yes
gls-121,121GLS_80X40.JPG,image/jpeg,Has the time not come for those who have believed that their hearts should humble at the remembrance of God and what has come down of the truth?,ألم يأن للذين آمنوا أن تخشع قلوبهم لذكر الله وما نزل من الحق,Naskh,خط النسخ,Painting on glass. The inscription “Has the time not come for those who have believed that their hearts should humble at the remembrance of God and what has come down of the truth?” is written in Naskh. Dimensions: 80 × 40 cm.,رسم على الزجاج. نقش «ألم يأن للذين آمنوا أن تخشع قلوبهم لذكر الله وما نزل من الحق» مكتوب بخط النسخ. المقاس: 80 × 40 سم.,Muhammed Saied Kalash,محمد سعيد كلش,,,Glass; Text; Calligraphy; Naskh,زجاج؛ خط؛ خط عربي؛ خط النسخ,Glass,زجاج,Painting on glass,رسم على الزجاج,Text,خط,80 × 40 cm,ara; eng,Image;StillImage,ألم يأن للذين امنوا ان تخشع قلوبهم لذكر الله وما نزل من الحق,121,198,glass acrylic/121GLS_80X40.JPG,,yes,yes
gls-122,122GLS_93X44.JPG,image/jpeg,"In the name of God, I ask You for the good of entering and the good of leaving…",بسم الله اللهم إني أسألك خير المولج وخير المخرج بسم الله ولجنا وبسم الله خرجنا وعلى الله ربنا توكلنا,Thuluth,خط الثلث,"Painting on glass. The inscription “In the name of God, I ask You for the good of entering and the good of leaving…” is written in Thuluth. Dimensions: 93 × 44 cm. Full inscription is given in Arabic.",رسم على الزجاج. نقش «بسم الله اللهم إني أسألك خير المولج وخير المخرج بسم الله ولجنا وبسم الله خرجنا وعلى الله ربنا توكلنا» مكتوب بخط الثلث. المقاس: 93 × 44 سم. النص الكامل: بسم الله اللهم اني اسألك خير المولج وخير المخرج بسم الله ولجنا وبسم الله خرجنا وعلى الله ربنا توكلنا,Muhammed Saied Kalash,محمد سعيد كلش,,,Glass; Text; Calligraphy; Thuluth,زجاج؛ خط؛ خط عربي؛ خط الثلث,Glass,زجاج,Painting on glass,رسم على الزجاج,Text,خط,93 × 44 cm,ara; eng,Image;StillImage,بسم الله اللهم اني اسألك خير المولج وخير المخرج بسم الله ولجنا وبسم الله خرجنا وعلى الله ربنا توكلنا,122,199,glass acrylic/122GLS_93X44.JPG,,no,yes
gls-123,123GLS_116X35.JPG,image/jpeg,"He is God, the Creator, the Inventor, the Fashioner; to Him belong the most beautiful names",هو الله الخالق البارئ المصور له الأسماء الحسنى له ما في السموات والأرض,Thuluth,خط الثلث,"Painting on glass. The inscription “He is God, the Creator, the Inventor, the Fashioner; to Him belong the most beautiful names” is written in Thuluth. Dimensions: 116 × 35 cm.",رسم على الزجاج. نقش «هو الله الخالق البارئ المصور له الأسماء الحسنى له ما في السموات والأرض» مكتوب بخط الثلث. المقاس: 116 × 35 سم.,Muhammed Saied Kalash,محمد سعيد كلش,,,Glass; Text; Calligraphy; Thuluth,زجاج؛ خط؛ خط عربي؛ خط الثلث,Glass,زجاج,Painting on glass,رسم على الزجاج,Text,خط,116 × 35 cm,ara; eng,Image;StillImage,هو الله الخالق البارئ المصور له الاسماء الحسنى له ما في السموات والارض,123,200,glass acrylic/123GLS_116X35.JPG,,no,yes
gls-124,124GLS_62X40.JPG,image/jpeg,"O God, I seek refuge in You from male and female evil… Praise be to God who removed harm from me and gave me health",اللهم إني أعوذ بك من الخبث والخبائث، غفرانك، الحمد لله الذي أذهب عني الأذى وعافاني,Naskh,خط النسخ,"Painting on glass. The inscription “O God, I seek refuge in You from male and female evil… Praise be to God who removed harm from me and gave me health” is written in Naskh. Dimensions: 62 × 40 cm.",رسم على الزجاج. نقش «اللهم إني أعوذ بك من الخبث والخبائث، غفرانك، الحمد لله الذي أذهب عني الأذى وعافاني» مكتوب بخط النسخ. المقاس: 62 × 40 سم.,Muhammed Saied Kalash,محمد سعيد كلش,,,Glass; Text; Calligraphy; Naskh,زجاج؛ خط؛ خط عربي؛ خط النسخ,Glass,زجاج,Painting on glass,رسم على الزجاج,Text,خط,62 × 40 cm,ara; eng,Image;StillImage,اللهم اني اعوذ بك من الخبث والخبائث غفرانك الحمدلله الذي اذهب عني الأذى وعفاني,124,201,glass acrylic/124GLS_62X40.JPG,,no,yes
gls-126,126GLS_81X33.JPG,image/jpeg,"Glory be to God, praise be to God, there is no god but God, God is Greatest",سبحان الله — الحمد لله — لا إله إلا الله — الله أكبر,Kufic,كوفي,"Painting on glass. The inscription “Glory be to God, praise be to God, there is no god but God, God is Greatest” is written in Kufic. Dated 2017. Dimensions: 81 × 33 cm.",رسم على الزجاج. نقش «سبحان الله — الحمد لله — لا إله إلا الله — الله أكبر» مكتوب بالكوفي. أُنجز عام ٢٠١٧. المقاس: 81 × 33 سم.,Muhammed Saied Kalash,محمد سعيد كلش,2017,,Glass; Text; Calligraphy; Kufic,زجاج؛ خط؛ خط عربي؛ كوفي,Glass,زجاج,Painting on glass,رسم على الزجاج,Text,خط,81 × 33 cm,ara; eng,Image;StillImage,سبحان الله - الحمدلله - لااله الا الله - الله اكبر,126,202,glass acrylic/126GLS_81X33.JPG,,no,yes
gls-127,127GLS_77X45.JPG,image/jpeg,"In the name of God, the Most Gracious, the Most Merciful",بسم الله الرحمن الرحيم,Geometric Kufic,كوفي هندسي,"Painting on glass. The inscription “In the name of God, the Most Gracious, the Most Merciful” is written in Geometric Kufic. Dated 2002. Dimensions: 77 × 45 cm.",رسم على الزجاج. نقش «بسم الله الرحمن الرحيم» مكتوب بالكوفي الهندسي. أُنجز عام ٢٠٠٢. المقاس: 77 × 45 سم.,Muhammed Saied Kalash,محمد سعيد كلش,2002,,Glass; Text; Calligraphy; Geometric Kufic,زجاج؛ خط؛ خط عربي؛ كوفي هندسي,Glass,زجاج,Painting on glass,رسم على الزجاج,Text,خط,77 × 45 cm,ara; eng,Image;StillImage,بسم الله الرحمن الرحيم,127,203,glass acrylic/127GLS_77X45.JPG,,no,yes
gls-128,128GLS_56X56.JPG,image/jpeg,This is from the grace of my Lord,هذا من فضل ربي,Foliated Kufic,كوفي مزهر,Painting on glass. The inscription “This is from the grace of my Lord” is written in Foliated Kufic. Dimensions: 56 × 56 cm.,رسم على الزجاج. نقش «هذا من فضل ربي» مكتوب بالكوفي المزهر. المقاس: 56 × 56 سم.,Muhammed Saied Kalash,محمد سعيد كلش,,,Glass; Text; Calligraphy; Foliated Kufic,زجاج؛ خط؛ خط عربي؛ كوفي مزهر,Glass,زجاج,Painting on glass,رسم على الزجاج,Text,خط,56 × 56 cm,ara; eng,Image;StillImage,هذا من فضل ربي,128,204,glass acrylic/128GLS_56X56.JPG,,no,yes
gls-129,129GLS_75X35.JPG,image/jpeg,"In the name of God, what God wills",بسم الله ما شاء الله,Thuluth,خط الثلث,"Painting on glass. The inscription “In the name of God, what God wills” is written in Thuluth. Dated 2002. Dimensions: 75 × 35 cm.",رسم على الزجاج. نقش «بسم الله ما شاء الله» مكتوب بخط الثلث. أُنجز عام ٢٠٠٢. المقاس: 75 × 35 سم.,Muhammed Saied Kalash,محمد سعيد كلش,2002,,Glass; Text; Calligraphy; Thuluth,زجاج؛ خط؛ خط عربي؛ خط الثلث,Glass,زجاج,Painting on glass,رسم على الزجاج,Text,خط,75 × 35 cm,ara; eng,Image;StillImage,بسم الله ماشاء الله,129,205,glass acrylic/129GLS_75X35.JPG,,no,yes
gls-131,131GLS_42X56.JPG,image/jpeg,Do not grieve; God is with us,لا تحزن إن الله معنا,Naskh,خط النسخ,Painting on glass. The inscription “Do not grieve; God is with us” is written in Naskh. Dimensions: 42 × 56 cm.,رسم على الزجاج. نقش «لا تحزن إن الله معنا» مكتوب بخط النسخ. المقاس: 42 × 56 سم.,Muhammed Saied Kalash,محمد سعيد كلش,,,Glass; Text; Calligraphy; Naskh,زجاج؛ خط؛ خط عربي؛ خط النسخ,Glass,زجاج,Painting on glass,رسم على الزجاج,Text,خط,42 × 56 cm,ara; eng,Image;StillImage,لا تحزن إن الله معنا,131,206,glass acrylic/131GLS_42X56.JPG,,no,yes
gls-132,132GLS_99X45.JPG,image/jpeg,"My Lord, increase me in knowledge",وقل ربي زدني علماً,Foliated Kufic,كوفي مزهر,"Painting on glass. The inscription “My Lord, increase me in knowledge” is written in Foliated Kufic. Dimensions: 99 × 45 cm.",رسم على الزجاج. نقش «وقل ربي زدني علماً» مكتوب بالكوفي المزهر. المقاس: 99 × 45 سم.,Muhammed Saied Kalash,محمد سعيد كلش,,,Glass; Text; Calligraphy; Foliated Kufic,زجاج؛ خط؛ خط عربي؛ كوفي مزهر,Glass,زجاج,Painting on glass,رسم على الزجاج,Text,خط,99 × 45 cm,ara; eng,Image;StillImage,وقل ربي زدني علما,132,207,glass acrylic/132GLS_99X45.JPG,,no,yes
gls-133,133GLS_40X54.JPG,image/jpeg,God is the Light of the heavens and the earth,الله نور السموات والأرض,Thuluth,خط الثلث,Painting on glass. The inscription “God is the Light of the heavens and the earth” is written in Thuluth. Dimensions: 40 × 54 cm.,رسم على الزجاج. نقش «الله نور السموات والأرض» مكتوب بخط الثلث. المقاس: 40 × 54 سم.,Muhammed Saied Kalash,محمد سعيد كلش,,,Glass; Text; Calligraphy; Thuluth,زجاج؛ خط؛ خط عربي؛ خط الثلث,Glass,زجاج,Painting on glass,رسم على الزجاج,Text,خط,40 × 54 cm,ara; eng,Image;StillImage,الله نور السموات والارض,133,208,glass acrylic/133GLS_40X54.JPG,,no,yes
gls-134,134GLS_81X40.JPG,image/jpeg,Has the time not come for those who have believed that their hearts should humble at the remembrance of God and what has come down of the truth?,ألم يأن للذين آمنوا أن تخشع قلوبهم لذكر الله وما نزل من الحق,Naskh,خط النسخ,Painting on glass. The inscription “Has the time not come for those who have believed that their hearts should humble at the remembrance of God and what has come down of the truth?” is written in Naskh. Dimensions: 81 × 40 cm.,رسم على الزجاج. نقش «ألم يأن للذين آمنوا أن تخشع قلوبهم لذكر الله وما نزل من الحق» مكتوب بخط النسخ. المقاس: 81 × 40 سم.,Muhammed Saied Kalash,محمد سعيد كلش,,,Glass; Text; Calligraphy; Naskh,زجاج؛ خط؛ خط عربي؛ خط النسخ,Glass,زجاج,Painting on glass,رسم على الزجاج,Text,خط,81 × 40 cm,ara; eng,Image;StillImage,ألم يأن للذين امنوا ان تخشع قلوبهم لذكر الله وما نزل من الحق,134,209,glass acrylic/134GLS_81X40.JPG,,no,yes
gls-135,135GLS_81X40.JPG,image/jpeg,Has the time not come for those who have believed that their hearts should humble at the remembrance of God and what has come down of the truth?,ألم يأن للذين آمنوا أن تخشع قلوبهم لذكر الله وما نزل من الحق,Naskh,خط النسخ,Painting on glass. The inscription “Has the time not come for those who have believed that their hearts should humble at the remembrance of God and what has come down of the truth?” is written in Naskh. Dimensions: 81 × 40 cm.,رسم على الزجاج. نقش «ألم يأن للذين آمنوا أن تخشع قلوبهم لذكر الله وما نزل من الحق» مكتوب بخط النسخ. المقاس: 81 × 40 سم.,Muhammed Saied Kalash,محمد سعيد كلش,,,Glass; Text; Calligraphy; Naskh,زجاج؛ خط؛ خط عربي؛ خط النسخ,Glass,زجاج,Painting on glass,رسم على الزجاج,Text,خط,81 × 40 cm,ara; eng,Image;StillImage,ألم يأن للذين امنوا ان تخشع قلوبهم لذكر الله وما نزل من الحق,135,210,glass acrylic/135GLS_81X40.JPG,,no,yes
gls-137,137GLS_104X39.JPG,image/jpeg,"And if they incline to peace, then incline to it and rely upon God",وإن جنحوا للسلم فاجنح لها وتوكل على الله,Naskh,خط النسخ,"Painting on glass. The inscription “And if they incline to peace, then incline to it and rely upon God” is written in Naskh. Dimensions: 104 × 39 cm.",رسم على الزجاج. نقش «وإن جنحوا للسلم فاجنح لها وتوكل على الله» مكتوب بخط النسخ. المقاس: 104 × 39 سم.,Muhammed Saied Kalash,محمد سعيد كلش,,,Glass; Text; Calligraphy; Naskh,زجاج؛ خط؛ خط عربي؛ خط النسخ,Glass,زجاج,Painting on glass,رسم على الزجاج,Text,خط,104 × 39 cm,ara; eng,Image;StillImage,وان جنحوا للسلم فاجنح لها وتوكل على الله,137,211,glass acrylic/137GLS_104X39.JPG,,no,yes
gls-138,138GLS_72X45.JPG,image/jpeg,"In the name of God, the Most Gracious, the Most Merciful. Praise be to God, Lord of the worlds",بسم الله الرحمن الرحيم، الحمد لله رب العالمين,Thuluth,خط الثلث,"Painting on glass. The inscription “In the name of God, the Most Gracious, the Most Merciful. Praise be to God, Lord of the worlds” is written in Thuluth. Dated 2003. Dimensions: 72 × 45 cm.",رسم على الزجاج. نقش «بسم الله الرحمن الرحيم، الحمد لله رب العالمين» مكتوب بخط الثلث. أُنجز عام ٢٠٠٣. المقاس: 72 × 45 سم.,Muhammed Saied Kalash,محمد سعيد كلش,2003,,Glass; Text; Calligraphy; Thuluth,زجاج؛ خط؛ خط عربي؛ خط الثلث,Glass,زجاج,Painting on glass,رسم على الزجاج,Text,خط,72 × 45 cm,ara; eng,Image;StillImage,بسم االه الرحمن الرحيم الحمدلله رب العالمين,138,212,glass acrylic/138GLS_72X45.JPG,,no,yes
gls-139,139GLS_43X56.JPG,image/jpeg,Do not grieve; God is with us,لا تحزن إن الله معنا,Naskh,خط النسخ,Painting on glass. The inscription “Do not grieve; God is with us” is written in Naskh. Dated 2022. Dimensions: 43 × 56 cm.,رسم على الزجاج. نقش «لا تحزن إن الله معنا» مكتوب بخط النسخ. أُنجز عام ٢٠٢٢. المقاس: 43 × 56 سم.,Muhammed Saied Kalash,محمد سعيد كلش,2022,,Glass; Text; Calligraphy; Naskh,زجاج؛ خط؛ خط عربي؛ خط النسخ,Glass,زجاج,Painting on glass,رسم على الزجاج,Text,خط,43 × 56 cm,ara; eng,Image;StillImage,لا تحزن إن الله معنا,139,213,glass acrylic/139GLS_43X56.JPG,,no,yes
gls-140,140GLS_75X27.JPG,image/jpeg,God is kind to His servants,إن الله لطيف بعباده,Kufic,كوفي,Painting on glass. The inscription “God is kind to His servants” is written in Kufic. Dimensions: 75 × 27 cm.,رسم على الزجاج. نقش «إن الله لطيف بعباده» مكتوب بالكوفي. المقاس: 75 × 27 سم.,Muhammed Saied Kalash,محمد سعيد كلش,,,Glass; Text; Calligraphy; Kufic,زجاج؛ خط؛ خط عربي؛ كوفي,Glass,زجاج,Painting on glass,رسم على الزجاج,Text,خط,75 × 27 cm,ara; eng,Image;StillImage,ان الله لطيف بعباده,140,214,glass acrylic/140GLS_75X27.JPG,,no,yes
gls-141,141GLS_70X41.JPG,image/jpeg,"In the name of God, the Most Gracious, the Most Merciful",بسم الله الرحمن الرحيم,Naskh,خط النسخ,"Painting on glass. The inscription “In the name of God, the Most Gracious, the Most Merciful” is written in Naskh. Dated 2012. Dimensions: 70 × 41 cm.",رسم على الزجاج. نقش «بسم الله الرحمن الرحيم» مكتوب بخط النسخ. أُنجز عام ٢٠١٢. المقاس: 70 × 41 سم.,Muhammed Saied Kalash,محمد سعيد كلش,2012,,Glass; Text; Calligraphy; Naskh,زجاج؛ خط؛ خط عربي؛ خط النسخ,Glass,زجاج,Painting on glass,رسم على الزجاج,Text,خط,70 × 41 cm,ara; eng,Image;StillImage,بسم االه الرحمن الرحيم,141,215,glass acrylic/141GLS_70X41.JPG,,no,yes
gls-146,146GLS_45X49.JPG,image/jpeg,"In the name of God, the Most Gracious, the Most Merciful",بسم الله الرحمن الرحيم,Geometric Kufic,كوفي هندسي,"Painting on glass. The inscription “In the name of God, the Most Gracious, the Most Merciful” is written in Geometric Kufic. Dated 2012. Dimensions: 57 × 32 cm.",رسم على الزجاج. نقش «بسم الله الرحمن الرحيم» مكتوب بالكوفي الهندسي. أُنجز عام ٢٠١٢. المقاس: 57 × 32 سم.,Muhammed Saied Kalash,محمد سعيد كلش,2012,,Glass; Text; Calligraphy; Geometric Kufic,زجاج؛ خط؛ خط عربي؛ كوفي هندسي,Glass,زجاج,Painting on glass,رسم على الزجاج,Text,خط,57 × 32 cm,ara; eng,Image;StillImage,بسم الله الرحمن الرحيم,146,216,glass acrylic/146GLS_45X49.JPG,,no,yes
gls-147,147GLS_57X32.JPG,image/jpeg,"In the name of God, the Most Gracious, the Most Merciful",بسم الله الرحمن الرحيم,Geometric Kufic,كوفي هندسي,"Painting on glass. The inscription “In the name of God, the Most Gracious, the Most Merciful” is written in Geometric Kufic. Dimensions: 73 × 46 cm.",رسم على الزجاج. نقش «بسم الله الرحمن الرحيم» مكتوب بالكوفي الهندسي. المقاس: 73 × 46 سم.,Muhammed Saied Kalash,محمد سعيد كلش,,,Glass; Text; Calligraphy; Geometric Kufic,زجاج؛ خط؛ خط عربي؛ كوفي هندسي,Glass,زجاج,Painting on glass,رسم على الزجاج,Text,خط,73 × 46 cm,ara; eng,Image;StillImage,بسم الله الرحمن الرحيم,147,217,glass acrylic/147GLS_57X32.JPG,,no,yes
gls-148,148GLS_73X46.JPG,image/jpeg,"In the name of God, the Most Gracious, the Most Merciful",بسم الله الرحمن الرحيم,Geometric Kufic,كوفي هندسي,"Painting on glass. The inscription “In the name of God, the Most Gracious, the Most Merciful” is written in Geometric Kufic. Dimensions: 72 × 45 cm.",رسم على الزجاج. نقش «بسم الله الرحمن الرحيم» مكتوب بالكوفي الهندسي. المقاس: 72 × 45 سم.,Muhammed Saied Kalash,محمد سعيد كلش,,,Glass; Text; Calligraphy; Geometric Kufic,زجاج؛ خط؛ خط عربي؛ كوفي هندسي,Glass,زجاج,Painting on glass,رسم على الزجاج,Text,خط,72 × 45 cm,ara; eng,Image;StillImage,بسم الله الرحمن الرحيم,148,218,glass acrylic/148GLS_73X46.JPG,,no,yes
gls-151,151GLS_33X75.JPG,image/jpeg,"Glory be to God, praise be to God, there is no god but God, God is Greatest",سبحان الله — الحمد لله — لا إله إلا الله — الله أكبر,Kufic,كوفي,"Painting on glass. The inscription “Glory be to God, praise be to God, there is no god but God, God is Greatest” is written in Kufic. Dimensions: 81 × 33 cm.",رسم على الزجاج. نقش «سبحان الله — الحمد لله — لا إله إلا الله — الله أكبر» مكتوب بالكوفي. المقاس: 81 × 33 سم.,Muhammed Saied Kalash,محمد سعيد كلش,,,Glass; Text; Calligraphy; Kufic,زجاج؛ خط؛ خط عربي؛ كوفي,Glass,زجاج,Painting on glass,رسم على الزجاج,Text,خط,81 × 33 cm,ara; eng,Image;StillImage,سبحان الله - الحمدلله - لااله الا الله - الله اكبر,151,219,glass acrylic/151GLS_33X75.JPG,,no,yes
gls-016,16GLS_55X75.JPG,image/jpeg,Botanical ornament,زخرفة نباتية,,,Painting on glass. A decorative composition: Botanical ornament. Dated 2015. Dimensions: 55 × 75 cm.,رسم على الزجاج. تكوين زخرفي: زخرفة نباتية. أُنجز عام ٢٠١٥. المقاس: 55 × 75 سم.,Muhammed Saied Kalash,محمد سعيد كلش,2015,,Glass; Ornament,زجاج؛ زخرفة,Glass,زجاج,Painting on glass,رسم على الزجاج,Ornament,زخرفة,55 × 75 cm,ara; eng,Image;StillImage,botanics,16,220,glass acrylic/16GLS_55X75.JPG,,yes,yes
gls-029,29GLS_72X93.JPG,image/jpeg,Peacocks and animals,طواويس وحيوانات,,,Painting on glass. A decorative composition: Peacocks and animals. Dated 2003. Dimensions: 72 × 93 cm.,رسم على الزجاج. تكوين زخرفي: طواويس وحيوانات. أُنجز عام ٢٠٠٣. المقاس: 72 × 93 سم.,Muhammed Saied Kalash,محمد سعيد كلش,2003,,Glass; Ornament,زجاج؛ زخرفة,Glass,زجاج,Painting on glass,رسم على الزجاج,Ornament,زخرفة,72 × 93 cm,ara; eng,Image;StillImage,peacocks and animals,29,221,glass acrylic/29GLS_72X93.JPG,,yes,yes
gls-030,30GLS_69X91.JPG,image/jpeg,Tree of life (with mirror),شجرة الحياة (مع مرآة),,,Painting on glass. A decorative composition: Tree of life (with mirror). Dated 2002. Dimensions: 69 × 91 cm.,رسم على الزجاج. تكوين زخرفي: شجرة الحياة (مع مرآة). أُنجز عام ٢٠٠٢. المقاس: 69 × 91 سم.,Muhammed Saied Kalash,محمد سعيد كلش,2002,,Glass; Ornament,زجاج؛ زخرفة,Glass,زجاج,Painting on glass,رسم على الزجاج,Ornament,زخرفة,69 × 91 cm,ara; eng,Image;StillImage,tree of life (w mirror),30,222,glass acrylic/30GLS_69X91.JPG,,yes,yes
gls-059,59GLS_43X57.JPG,image/jpeg,Botanical ornament,زخرفة نباتية,,,Painting on glass. A decorative composition: Botanical ornament. Dimensions: 43 × 57 cm.,رسم على الزجاج. تكوين زخرفي: زخرفة نباتية. المقاس: 43 × 57 سم.,Muhammed Saied Kalash,محمد سعيد كلش,,,Glass; Ornament,زجاج؛ زخرفة,Glass,زجاج,Painting on glass,رسم على الزجاج,Ornament,زخرفة,43 × 57 cm,ara; eng,Image;StillImage,botanics,59,223,glass acrylic/59GLS_43X57.JPG,,no,yes
gls-060,60GLS_41X54.JPG,image/jpeg,Boat and sun,مركب وشمس,,,Painting on glass. A decorative composition: Boat and sun. Dimensions: 41 × 54 cm.,رسم على الزجاج. تكوين زخرفي: مركب وشمس. المقاس: 41 × 54 سم.,Muhammed Saied Kalash,محمد سعيد كلش,,,Glass; Ornament,زجاج؛ زخرفة,Glass,زجاج,Painting on glass,رسم على الزجاج,Ornament,زخرفة,41 × 54 cm,ara; eng,Image;StillImage,boat & sun,60,224,glass acrylic/60GLS_41X54.JPG,,no,yes
gls-061,61GLS_43X57.JPG,image/jpeg,Botanical ornament,زخرفة نباتية,,,Painting on glass. A decorative composition: Botanical ornament. Dimensions: 43 × 57 cm.,رسم على الزجاج. تكوين زخرفي: زخرفة نباتية. المقاس: 43 × 57 سم.,Muhammed Saied Kalash,محمد سعيد كلش,,,Glass; Ornament,زجاج؛ زخرفة,Glass,زجاج,Painting on glass,رسم على الزجاج,Ornament,زخرفة,43 × 57 cm,ara; eng,Image;StillImage,botanics,61,225,glass acrylic/61GLS_43X57.JPG,,no,yes
gls-065,65GLS_57X89.jpg,image/jpeg,Tree of paradise,شجرة الجنة,,,Painting on glass. A decorative composition: Tree of paradise. Dated 1995. Dimensions: 57 × 89 cm.,رسم على الزجاج. تكوين زخرفي: شجرة الجنة. أُنجز عام ١٩٩٥. المقاس: 57 × 89 سم.,Muhammed Saied Kalash,محمد سعيد كلش,1995,,Glass; Ornament,زجاج؛ زخرفة,Glass,زجاج,Painting on glass,رسم على الزجاج,Ornament,زخرفة,57 × 89 cm,ara; eng,Image;StillImage,tree of paradise (original),65,226,glass acrylic/65GLS_57X89.jpg,,no,yes
gls-069,69GLS_57X43.jpg,image/jpeg,Two peacocks,طاووسان,,,Painting on glass. A decorative composition: Two peacocks. Dimensions: 57 × 43 cm.,رسم على الزجاج. تكوين زخرفي: طاووسان. المقاس: 57 × 43 سم.,Muhammed Saied Kalash,محمد سعيد كلش,,,Glass; Ornament,زجاج؛ زخرفة,Glass,زجاج,Painting on glass,رسم على الزجاج,Ornament,زخرفة,57 × 43 cm,ara; eng,Image;StillImage,two peacocks,69,227,glass acrylic/69GLS_57X43.jpg,,no,yes
gls-072,72GLS_60X80.jpg,image/jpeg,Botanical ornament,زخرفة نباتية,,,Painting on glass. A decorative composition: Botanical ornament. Dated 2015. Dimensions: 60 × 80 cm.,رسم على الزجاج. تكوين زخرفي: زخرفة نباتية. أُنجز عام ٢٠١٥. المقاس: 60 × 80 سم.,Muhammed Saied Kalash,محمد سعيد كلش,2015,,Glass; Ornament,زجاج؛ زخرفة,Glass,زجاج,Painting on glass,رسم على الزجاج,Ornament,زخرفة,60 × 80 cm,ara; eng,Image;StillImage,botanics,72,228,glass acrylic/72GLS_60X80.jpg,,no,yes
gls-077,77GLS_55X78.jpg,image/jpeg,Tree of paradise (mirror),شجرة الجنة (مرآة),,,Painting on glass. A decorative composition: Tree of paradise (mirror). Dimensions: 55 × 78 cm.,رسم على الزجاج. تكوين زخرفي: شجرة الجنة (مرآة). المقاس: 55 × 78 سم.,Muhammed Saied Kalash,محمد سعيد كلش,,,Glass; Ornament,زجاج؛ زخرفة,Glass,زجاج,Painting on glass,رسم على الزجاج,Ornament,زخرفة,55 × 78 cm,ara; eng,Image;StillImage,tree of paradise (mirror),77,229,glass acrylic/77GLS_55X78.jpg,,no,yes
gls-101,101GLS_62X62.jpg,image/jpeg,Cloves with gold lines,قرنفل وخطوط ذهبية,,,Painting on glass. A decorative composition: Cloves with gold lines. Dated 2003. Dimensions: 62 × 62 cm.,رسم على الزجاج. تكوين زخرفي: قرنفل وخطوط ذهبية. أُنجز عام ٢٠٠٣. المقاس: 62 × 62 سم.,Muhammed Saied Kalash,محمد سعيد كلش,2003,,Glass; Ornament,زجاج؛ زخرفة,Glass,زجاج,Painting on glass,رسم على الزجاج,Ornament,زخرفة,62 × 62 cm,ara; eng,Image;StillImage,Cloves_Gold lines,101,230,glass acrylic/101GLS_62X62.jpg,,no,yes
gls-106,106GLS_43X57.JPG,image/jpeg,Boat and sun,مركب وشمس,,,Painting on glass. A decorative composition: Boat and sun. Dimensions: 43 × 57 cm.,رسم على الزجاج. تكوين زخرفي: مركب وشمس. المقاس: 43 × 57 سم.,Muhammed Saied Kalash,محمد سعيد كلش,,,Glass; Ornament,زجاج؛ زخرفة,Glass,زجاج,Painting on glass,رسم على الزجاج,Ornament,زخرفة,43 × 57 cm,ara; eng,Image;StillImage,boat & sun,106,231,glass acrylic/106GLS_43X57.JPG,,no,yes
gls-107,107GLS_34X44.JPG,image/jpeg,Rasha's profile,بروفيل رشا,,,Painting on glass. A decorative composition: Rasha's profile. Dated 2003. Dimensions: 34 × 44 cm.,رسم على الزجاج. تكوين زخرفي: بروفيل رشا. أُنجز عام ٢٠٠٣. المقاس: 34 × 44 سم.,Muhammed Saied Kalash,محمد سعيد كلش,2003,,Glass; Ornament,زجاج؛ زخرفة,Glass,زجاج,Painting on glass,رسم على الزجاج,Ornament,زخرفة,34 × 44 cm,ara; eng,Image;StillImage,Rasha's profile,107,232,glass acrylic/107GLS_34X44.JPG,,no,yes
gls-108,108GLS_43X43.JPG,image/jpeg,Islamic ornament,زخرفة إسلامية,,,Painting on glass. A decorative composition: Islamic ornament. Dimensions: 43 × 43 cm.,رسم على الزجاج. تكوين زخرفي: زخرفة إسلامية. المقاس: 43 × 43 سم.,Muhammed Saied Kalash,محمد سعيد كلش,,,Glass; Ornament,زجاج؛ زخرفة,Glass,زجاج,Painting on glass,رسم على الزجاج,Ornament,زخرفة,43 × 43 cm,ara; eng,Image;StillImage,islamic ornaments,108,233,glass acrylic/108GLS_43X43.JPG,,no,yes
gls-112,112GLS_44X44.JPG,image/jpeg,Islamic ornament,زخرفة إسلامية,,,Painting on glass. A decorative composition: Islamic ornament. Dated 2015. Dimensions: 44 × 44 cm.,رسم على الزجاج. تكوين زخرفي: زخرفة إسلامية. أُنجز عام ٢٠١٥. المقاس: 44 × 44 سم.,Muhammed Saied Kalash,محمد سعيد كلش,2015,,Glass; Ornament,زجاج؛ زخرفة,Glass,زجاج,Painting on glass,رسم على الزجاج,Ornament,زخرفة,44 × 44 cm,ara; eng,Image;StillImage,islamic ornaments,112,234,glass acrylic/112GLS_44X44.JPG,,no,yes
gls-113,113GLS_44X44.JPG,image/jpeg,Fruits,فواكه,,,Painting on glass. A decorative composition: Fruits. Dated 2009. Dimensions: 44 × 44 cm.,رسم على الزجاج. تكوين زخرفي: فواكه. أُنجز عام ٢٠٠٩. المقاس: 44 × 44 سم.,Muhammed Saied Kalash,محمد سعيد كلش,2009,,Glass; Ornament,زجاج؛ زخرفة,Glass,زجاج,Painting on glass,رسم على الزجاج,Ornament,زخرفة,44 × 44 cm,ara; eng,Image;StillImage,fruits,113,235,glass acrylic/113GLS_44X44.JPG,,no,yes
gls-125,125GLS_58X44.JPG,image/jpeg,Peacocks,طواويس,,,Painting on glass. A decorative composition: Peacocks. Dimensions: 58 × 44 cm.,رسم على الزجاج. تكوين زخرفي: طواويس. المقاس: 58 × 44 سم.,Muhammed Saied Kalash,محمد سعيد كلش,,,Glass; Ornament,زجاج؛ زخرفة,Glass,زجاج,Painting on glass,رسم على الزجاج,Ornament,زخرفة,58 × 44 cm,ara; eng,Image;StillImage,peacocks,125,236,glass acrylic/125GLS_58X44.JPG,,no,yes
gls-142,143GLS_59X46.JPG,image/jpeg,Sphinx,أبو الهول,,,Painting on glass. A decorative composition: Sphinx. Dated 2009. Dimensions: 59 × 46 cm.,رسم على الزجاج. تكوين زخرفي: أبو الهول. أُنجز عام ٢٠٠٩. المقاس: 59 × 46 سم.,Muhammed Saied Kalash,محمد سعيد كلش,2009,,Glass; Ornament,زجاج؛ زخرفة,Glass,زجاج,Painting on glass,رسم على الزجاج,Ornament,زخرفة,59 × 46 cm,ara; eng,Image;StillImage,sphinex,142,237,glass acrylic/143GLS_59X46.JPG,,no,yes
gls-145,145GLS_92X53.JPG,image/jpeg,Birds,طيور,,,Painting on glass. A decorative composition: Birds. Dimensions: 45 × 49 cm.,رسم على الزجاج. تكوين زخرفي: طيور. المقاس: 45 × 49 سم.,Muhammed Saied Kalash,محمد سعيد كلش,,,Glass; Ornament,زجاج؛ زخرفة,Glass,زجاج,Painting on glass,رسم على الزجاج,Ornament,زخرفة,45 × 49 cm,ara; eng,Image;StillImage,birds,145,238,glass acrylic/145GLS_92X53.JPG,,no,yes
gls-028,28GLS_54X54.JPG,image/jpeg,Abstract geometry,هندسة مجردة,,,Painting on glass. A geometric composition: Abstract geometry. Dated 2016. Dimensions: 54 × 54 cm.,رسم على الزجاج. تكوين هندسي: هندسة مجردة. أُنجز عام ٢٠١٦. المقاس: 54 × 54 سم.,Muhammed Saied Kalash,محمد سعيد كلش,2016,,Glass; Geometry,زجاج؛ هندسة,Glass,زجاج,Painting on glass,رسم على الزجاج,Geometry,هندسة,54 × 54 cm,ara; eng,Image;StillImage,abstrac,28,239,glass acrylic/28GLS_54X54.JPG,,yes,yes
gls-144,145GLS_92X53.JPG,image/jpeg,Islamic geometry,هندسة إسلامية,,,Painting on glass. A geometric composition: Islamic geometry. Dimensions: 92 × 53 cm.,رسم على الزجاج. تكوين هندسي: هندسة إسلامية. المقاس: 92 × 53 سم.,Muhammed Saied Kalash,محمد سعيد كلش,,,Glass; Geometry,زجاج؛ هندسة,Glass,زجاج,Painting on glass,رسم على الزجاج,Geometry,هندسة,92 × 53 cm,ara; eng,Image;StillImage,islamic geometry,144,240,glass acrylic/145GLS_92X53.JPG,,no,yes
gls-149,149GLS_33X75.JPG,image/jpeg,Islamic geometry,هندسة إسلامية,,,Painting on glass. A geometric composition: Islamic geometry. Dated 2019. Dimensions: 33 × 75 cm.,رسم على الزجاج. تكوين هندسي: هندسة إسلامية. أُنجز عام ٢٠١٩. المقاس: 33 × 75 سم.,Muhammed Saied Kalash,محمد سعيد كلش,2019,,Glass; Geometry,زجاج؛ هندسة,Glass,زجاج,Painting on glass,رسم على الزجاج,Geometry,هندسة,33 × 75 cm,ara; eng,Image;StillImage,islamic geometry,149,241,glass acrylic/149GLS_33X75.JPG,,no,yes
acr-002,2ACR_75X95.jpg,image/jpeg,"Do not think those who are killed in the way of God are dead; rather they are alive with their Lord, receiving provision",ولا تحسبن الذين قتلوا في سبيل الله أمواتاً بل أحياء عند ربهم يرزقون,Naskh,خط النسخ,"Painting on plexiglass. The inscription “Do not think those who are killed in the way of God are dead; rather they are alive with their Lord, receiving provision” is written in Naskh. Dimensions: 75 × 95 cm.",رسم على الأكريليك. نقش «ولا تحسبن الذين قتلوا في سبيل الله أمواتاً بل أحياء عند ربهم يرزقون» مكتوب بخط النسخ. المقاس: 75 × 95 سم.,Muhammed Saied Kalash,محمد سعيد كلش,,,Plexiglass; Text; Calligraphy; Naskh,أكريليك؛ خط؛ خط عربي؛ خط النسخ,Plexiglass,أكريليك,Painting on plexiglass,رسم على الأكريليك,Text,خط,75 × 95 cm,ara; eng,Image;StillImage,ولا تحسبن الذين قتلوا في سبيل الله امواتا بل احياء عند ربهم يرزقون,2,242,glass acrylic/2ACR_75X95.jpg,,no,yes
acr-004,4ACR_75X95.jpg,image/jpeg,And I give the second half of it so that a green flower may not perish,وأعطي نصفه الثاني لأحمي زهرة خضراء أن تهلك,Naskh,خط النسخ,Painting on plexiglass. The inscription “And I give the second half of it so that a green flower may not perish” is written in Naskh. Dimensions: 75 × 95 cm.,رسم على الأكريليك. نقش «وأعطي نصفه الثاني لأحمي زهرة خضراء أن تهلك» مكتوب بخط النسخ. المقاس: 75 × 95 سم.,Muhammed Saied Kalash,محمد سعيد كلش,,,Plexiglass; Text; Calligraphy; Naskh,أكريليك؛ خط؛ خط عربي؛ خط النسخ,Plexiglass,أكريليك,Painting on plexiglass,رسم على الأكريليك,Text,خط,75 × 95 cm,ara; eng,Image;StillImage,واعطي نصفه الثاني لاحمي زهرة خضراء ان تهلك,4,243,glass acrylic/4ACR_75X95.jpg,,no,yes
acr-005,5ACR_81X110.JPG,image/jpeg,"Cooperate in righteousness and piety, and do not cooperate in sin and aggression",وتعاونوا على البر والتقوى ولا تعاونوا على الإثم والعدوان,Naskh,خط النسخ,"Painting on plexiglass. The inscription “Cooperate in righteousness and piety, and do not cooperate in sin and aggression” is written in Naskh. Dated 2015. Dimensions: 81 × 110 cm.",رسم على الأكريليك. نقش «وتعاونوا على البر والتقوى ولا تعاونوا على الإثم والعدوان» مكتوب بخط النسخ. أُنجز عام ٢٠١٥. المقاس: 81 × 110 سم.,Muhammed Saied Kalash,محمد سعيد كلش,2015,,Plexiglass; Text; Calligraphy; Naskh,أكريليك؛ خط؛ خط عربي؛ خط النسخ,Plexiglass,أكريليك,Painting on plexiglass,رسم على الأكريليك,Text,خط,81 × 110 cm,ara; eng,Image;StillImage,وتعاونوا على البر والتقوى ولا تعاونوا على الاثم والعدوان,5,244,glass acrylic/5ACR_81X110.JPG,,yes,yes
acr-006,6ACR_77X107.JPG,image/jpeg,"Praise be to God, who guided us to this; we would not have been guided had God not guided us",الحمد لله الذي هدانا لهذا وما كنا لنهتدي لولا أن هدانا الله,Naskh,خط النسخ,"Painting on plexiglass. The inscription “Praise be to God, who guided us to this; we would not have been guided had God not guided us” is written in Naskh. Dated 2021. Dimensions: 77 × 107 cm.",رسم على الأكريليك. نقش «الحمد لله الذي هدانا لهذا وما كنا لنهتدي لولا أن هدانا الله» مكتوب بخط النسخ. أُنجز عام ٢٠٢١. المقاس: 77 × 107 سم.,Muhammed Saied Kalash,محمد سعيد كلش,2021,,Plexiglass; Text; Calligraphy; Naskh,أكريليك؛ خط؛ خط عربي؛ خط النسخ,Plexiglass,أكريليك,Painting on plexiglass,رسم على الأكريليك,Text,خط,77 × 107 cm,ara; eng,Image;StillImage,الحمدلله الذي هدانا لهذا وما كنا لنهتدي لولا ان هدانا الله,6,245,glass acrylic/6ACR_77X107.JPG,,no,yes
acr-008,8ACR_64X127.JPG,image/jpeg,Ayat al-Kursi,آية الكرسي,Naskh,خط النسخ,Painting on plexiglass. The inscription “Ayat al-Kursi” is written in Naskh. Dimensions: 64 × 127 cm.,رسم على الأكريليك. نقش «آية الكرسي» مكتوب بخط النسخ. المقاس: 64 × 127 سم.,Muhammed Saied Kalash,محمد سعيد كلش,,,Plexiglass; Text; Calligraphy; Naskh,أكريليك؛ خط؛ خط عربي؛ خط النسخ,Plexiglass,أكريليك,Painting on plexiglass,رسم على الأكريليك,Text,خط,64 × 127 cm,ara; eng,Image;StillImage,آية الكرسي,8,246,glass acrylic/8ACR_64X127.JPG,,yes,yes
acr-009,9ACR_64X127.JPG,image/jpeg,"Our Lord, do not take us to task if we forget or make a mistake… You are our Protector, so grant us victory over the disbelieving people (Al-Baqarah 286)",ربنا لا تؤاخذنا إن نسينا أو أخطأنا… أنت مولانا فانصرنا على القوم الكافرين,Kufic and Thuluth,كوفي وخط الثلث,"Painting on plexiglass. The inscription “Our Lord, do not take us to task if we forget or make a mistake… You are our Protector, so grant us victory over the disbelieving people (Al-Baqarah 286)” is written in Kufic and Thuluth. Dimensions: 64 × 127 cm. Full inscription is given in Arabic.",رسم على الأكريليك. نقش «ربنا لا تؤاخذنا إن نسينا أو أخطأنا… أنت مولانا فانصرنا على القوم الكافرين» مكتوب بالكوفي وخط الثلث. المقاس: 64 × 127 سم. النص الكامل: ربنا لا تؤاخذنا إن نسينا او اخطذنا ربنا ولا تحمل علينا اصرا كما حملته على الذين من قبلنا ربنا ولا تحملنا ما لا طاقة لنا به واعف عنا واغفر لنا وارحمنا انت مولانا فانصرنا على القوم الكافرين,Muhammed Saied Kalash,محمد سعيد كلش,,,Plexiglass; Text; Calligraphy; Kufic and Thuluth,أكريليك؛ خط؛ خط عربي؛ كوفي وخط الثلث,Plexiglass,أكريليك,Painting on plexiglass,رسم على الأكريليك,Text,خط,64 × 127 cm,ara; eng,Image;StillImage,ربنا لا تؤاخذنا إن نسينا او اخطذنا ربنا ولا تحمل علينا اصرا كما حملته على الذين من قبلنا ربنا ولا تحملنا ما لا طاقة لنا به واعف عنا واغفر لنا وارحمنا انت مولانا فانصرنا على القوم الكافرين,9,247,glass acrylic/9ACR_64X127.JPG,,no,yes
acr-010,10ACR_74X95.JPG,image/jpeg,Do not argue with the People of the Book except in the best way,ولا تجادلوا أهل الكتاب إلا بالتي هي أحسن,Naskh,خط النسخ,Painting on plexiglass. The inscription “Do not argue with the People of the Book except in the best way” is written in Naskh. Dimensions: 74 × 95 cm.,رسم على الأكريليك. نقش «ولا تجادلوا أهل الكتاب إلا بالتي هي أحسن» مكتوب بخط النسخ. المقاس: 74 × 95 سم.,Muhammed Saied Kalash,محمد سعيد كلش,,,Plexiglass; Text; Calligraphy; Naskh,أكريليك؛ خط؛ خط عربي؛ خط النسخ,Plexiglass,أكريليك,Painting on plexiglass,رسم على الأكريليك,Text,خط,74 × 95 cm,ara; eng,Image;StillImage,ولا تجدلوا اهل الكتاب الا بالتي هي احسن,10,248,glass acrylic/10ACR_74X95.JPG,,no,yes
acr-011,11ACR_96X111.JPG,image/jpeg,"Our Lord, give us good in this world and good in the Hereafter, and protect us from the punishment of the Fire",ربنا آتنا في الدنيا حسنة وفي الآخرة حسنة وقنا عذاب النار,Thuluth,خط الثلث,"Painting on plexiglass. The inscription “Our Lord, give us good in this world and good in the Hereafter, and protect us from the punishment of the Fire” is written in Thuluth. Dimensions: 96 × 111 cm.",رسم على الأكريليك. نقش «ربنا آتنا في الدنيا حسنة وفي الآخرة حسنة وقنا عذاب النار» مكتوب بخط الثلث. المقاس: 96 × 111 سم.,Muhammed Saied Kalash,محمد سعيد كلش,,,Plexiglass; Text; Calligraphy; Thuluth,أكريليك؛ خط؛ خط عربي؛ خط الثلث,Plexiglass,أكريليك,Painting on plexiglass,رسم على الأكريليك,Text,خط,96 × 111 cm,ara; eng,Image;StillImage,ربنا آتنا في الدنيا حسنة وفي الآخرة حسنة وقنا عذاب النار,11,249,glass acrylic/11ACR_96X111.JPG,,no,yes
acr-012,12ACR_77X99.JPG,image/jpeg,Write at the top of the first page: I do not hate people and I assault no one (Mahmoud Darwish),سجّل برأس الصفحة الأولى: أنا لا أكره الناس ولا أسطو على أحد,Kufic and Naskh,كوفي وخط النسخ,Painting on plexiglass. The inscription “Write at the top of the first page: I do not hate people and I assault no one (Mahmoud Darwish)” is written in Kufic and Naskh. Dimensions: 77 × 99 cm.,رسم على الأكريليك. نقش «سجّل برأس الصفحة الأولى: أنا لا أكره الناس ولا أسطو على أحد» مكتوب بالكوفي وخط النسخ. المقاس: 77 × 99 سم.,Muhammed Saied Kalash,محمد سعيد كلش,,,Plexiglass; Text; Calligraphy; Kufic and Naskh,أكريليك؛ خط؛ خط عربي؛ كوفي وخط النسخ,Plexiglass,أكريليك,Painting on plexiglass,رسم على الأكريليك,Text,خط,77 × 99 cm,ara; eng,Image;StillImage,سجل برأس الصفحة الاولى انا لا اكرهالناس ولا اسطو على احد,12,250,glass acrylic/12ACR_77X99.JPG,,no,yes
acr-013,13ACR_74X105.JPG,image/jpeg,"I long for my mother's bread, my mother's coffee, and my mother's touch (Mahmoud Darwish)",أحنّ إلى خبز أمي وقهوة أمي ولمسة أمي,Kufic,كوفي,"Painting on plexiglass. The inscription “I long for my mother's bread, my mother's coffee, and my mother's touch (Mahmoud Darwish)” is written in Kufic. Dated 2015. Dimensions: 74 × 105 cm. Full inscription is given in Arabic.",رسم على الأكريليك. نقش «أحنّ إلى خبز أمي وقهوة أمي ولمسة أمي» مكتوب بالكوفي. أُنجز عام ٢٠١٥. المقاس: 74 × 105 سم. النص الكامل: أحن الى خبز امي وقهوة امي ولمسة امي وتكبر في الطفولة يوما على صدر يوم واعشق عمري لاني اذا مت اخجل من دمع امي,Muhammed Saied Kalash,محمد سعيد كلش,2015,,Plexiglass; Text; Calligraphy; Kufic,أكريليك؛ خط؛ خط عربي؛ كوفي,Plexiglass,أكريليك,Painting on plexiglass,رسم على الأكريليك,Text,خط,74 × 105 cm,ara; eng,Image;StillImage,أحن الى خبز امي وقهوة امي ولمسة امي وتكبر في الطفولة يوما على صدر يوم واعشق عمري لاني اذا مت اخجل من دمع امي,13,251,glass acrylic/13ACR_74X105.JPG,,yes,yes
acr-014,14ACR_85X76.JPG,image/jpeg,The shape of the echo appeared as a land here… (echo poem),بدا شكل الصدى بلداً هنا… فاكسر جدار الكون يا أبتي,Naskh,خط النسخ,Painting on plexiglass. The inscription “The shape of the echo appeared as a land here… (echo poem)” is written in Naskh. Dated 2015. Dimensions: 85 × 76 cm. Full inscription is given in Arabic.,رسم على الأكريليك. نقش «بدا شكل الصدى بلداً هنا… فاكسر جدار الكون يا أبتي» مكتوب بخط النسخ. أُنجز عام ٢٠١٥. المقاس: 85 × 76 سم. النص الكامل: بدا شكل الصدى بلدا هنا.. ورد الصدى فاكسر جدار الكون يا ابتي.. صدى حول الصدى ولتنفجر انا من هنا وهنا انا وانا انا وهنا انا وانا هنا,Muhammed Saied Kalash,محمد سعيد كلش,2015,,Plexiglass; Text; Calligraphy; Naskh,أكريليك؛ خط؛ خط عربي؛ خط النسخ,Plexiglass,أكريليك,Painting on plexiglass,رسم على الأكريليك,Text,خط,85 × 76 cm,ara; eng,Image;StillImage,بدا شكل الصدى بلدا هنا.. ورد الصدى فاكسر جدار الكون يا ابتي.. صدى حول الصدى ولتنفجر انا من هنا وهنا انا وانا انا وهنا انا وانا هنا,14,252,glass acrylic/14ACR_85X76.JPG,,no,yes
acr-020,20ACR_75X94.JPG,image/jpeg,And I give half my life to the one who makes a weeping child laugh,وأعطي نصف عمري للذي يجعل طفلاً باكياً يضحك,Naskh,خط النسخ,Painting on plexiglass. The inscription “And I give half my life to the one who makes a weeping child laugh” is written in Naskh. Dimensions: 75 × 94 cm.,رسم على الأكريليك. نقش «وأعطي نصف عمري للذي يجعل طفلاً باكياً يضحك» مكتوب بخط النسخ. المقاس: 75 × 94 سم.,Muhammed Saied Kalash,محمد سعيد كلش,,,Plexiglass; Text; Calligraphy; Naskh,أكريليك؛ خط؛ خط عربي؛ خط النسخ,Plexiglass,أكريليك,Painting on plexiglass,رسم على الأكريليك,Text,خط,75 × 94 cm,ara; eng,Image;StillImage,واعطي نصف عمري للذي يجعل طفلا باكيا يضحك,20,253,glass acrylic/20ACR_75X94.JPG,,no,yes
acr-021,21ACR_75X95.JPG,image/jpeg,Shake toward you the trunk of the palm; it will drop upon you fresh ripe dates (Maryam),وهزي إليك بجذع النخلة تساقط عليك رطباً جنياً,Square Kufic,كوفي مربّع,Painting on plexiglass. The inscription “Shake toward you the trunk of the palm; it will drop upon you fresh ripe dates (Maryam)” is written in Square Kufic. Dimensions: 75 × 95 cm.,رسم على الأكريليك. نقش «وهزي إليك بجذع النخلة تساقط عليك رطباً جنياً» مكتوب بالكوفي المربّع. المقاس: 75 × 95 سم.,Muhammed Saied Kalash,محمد سعيد كلش,,,Plexiglass; Text; Calligraphy; Square Kufic,أكريليك؛ خط؛ خط عربي؛ كوفي مربّع,Plexiglass,أكريليك,Painting on plexiglass,رسم على الأكريليك,Text,خط,75 × 95 cm,ara; eng,Image;StillImage,وهزي اليك بجذع النخلة تساقط عليك رطبا جنيا,21,254,glass acrylic/21ACR_75X95.JPG,,no,yes
acr-022,22ACR_90X90.JPG,image/jpeg,"And you caused a spring of eloquence to burst forth, O Muhammad",وفجّرتَ ينبوع البيان محمداً فسقى الحديث وناول التنزيلا,Kufic,كوفي,"Painting on plexiglass. The inscription “And you caused a spring of eloquence to burst forth, O Muhammad” is written in Kufic. Dimensions: 90 × 90 cm. Full inscription is given in Arabic.","رسم على الأكريليك. نقش «وفجّرتَ ينبوع البيان محمداً فسقى الحديث وناول التنزيلا» مكتوب بالكوفي. المقاس: 90 × 90 سم. النص الكامل: وَفَـجَـرتَ يَـنبوعَ البَيانِ مُحَمَّداً
فَـسَـقـى الحَديثَ وَناوَلَ التَنزيلا",Muhammed Saied Kalash,محمد سعيد كلش,,,Plexiglass; Text; Calligraphy; Kufic,أكريليك؛ خط؛ خط عربي؛ كوفي,Plexiglass,أكريليك,Painting on plexiglass,رسم على الأكريليك,Text,خط,90 × 90 cm,ara; eng,Image;StillImage,"وَفَـجَـرتَ يَـنبوعَ البَيانِ مُحَمَّداً
فَـسَـقـى الحَديثَ وَناوَلَ التَنزيلا",22,255,glass acrylic/22ACR_90X90.JPG,,no,yes
acr-027,27ACR_55X55.JPG,image/jpeg,In Jerusalem I walk from time to time without memory (Tamim al-Barghouti),في القدس أسير من زمن إلى زمن بلا ذكرى,Kufic,كوفي,Painting on plexiglass. The inscription “In Jerusalem I walk from time to time without memory (Tamim al-Barghouti)” is written in Kufic. Dated 2021. Dimensions: 55 × 55 cm.,رسم على الأكريليك. نقش «في القدس أسير من زمن إلى زمن بلا ذكرى» مكتوب بالكوفي. أُنجز عام ٢٠٢١. المقاس: 55 × 55 سم.,Muhammed Saied Kalash,محمد سعيد كلش,2021,,Plexiglass; Text; Calligraphy; Kufic,أكريليك؛ خط؛ خط عربي؛ كوفي,Plexiglass,أكريليك,Painting on plexiglass,رسم على الأكريليك,Text,خط,55 × 55 cm,ara; eng,Image;StillImage,في القدس اسير من زمن الى زمن بلا ذكرى,27,256,glass acrylic/27ACR_55X55.JPG,,no,yes
acr-038,38ACR_75X100.JPG,image/jpeg,"Our Lord, You will surely gather the people for a Day about which there is no doubt. God does not fail in His promise",ربنا إنك جامع الناس ليوم لا ريب فيه إن الله لا يخلف الميعاد,Naskh,خط النسخ,"Painting on plexiglass. The inscription “Our Lord, You will surely gather the people for a Day about which there is no doubt. God does not fail in His promise” is written in Naskh. Dimensions: 75 × 100 cm.",رسم على الأكريليك. نقش «ربنا إنك جامع الناس ليوم لا ريب فيه إن الله لا يخلف الميعاد» مكتوب بخط النسخ. المقاس: 75 × 100 سم.,Muhammed Saied Kalash,محمد سعيد كلش,,,Plexiglass; Text; Calligraphy; Naskh,أكريليك؛ خط؛ خط عربي؛ خط النسخ,Plexiglass,أكريليك,Painting on plexiglass,رسم على الأكريليك,Text,خط,75 × 100 cm,ara; eng,Image;StillImage,ربنا انك جامع الناس ليوم لا ريب فيه ان الله لا خلف الميعاد,38,257,glass acrylic/38ACR_75X100.JPG,,no,yes
acr-039,39ACR_75X95.JPG,image/jpeg,I am not the first to be taken by a beautiful woman,أنا لست بالحسناء أوّل مولع,Naskh,خط النسخ,Painting on plexiglass. The inscription “I am not the first to be taken by a beautiful woman” is written in Naskh. Dimensions: 75 × 95 cm.,رسم على الأكريليك. نقش «أنا لست بالحسناء أوّل مولع» مكتوب بخط النسخ. المقاس: 75 × 95 سم.,Muhammed Saied Kalash,محمد سعيد كلش,,,Plexiglass; Text; Calligraphy; Naskh,أكريليك؛ خط؛ خط عربي؛ خط النسخ,Plexiglass,أكريليك,Painting on plexiglass,رسم على الأكريليك,Text,خط,75 × 95 cm,ara; eng,Image;StillImage,انا لست بالحسناء أول مولع,39,258,glass acrylic/39ACR_75X95.JPG,,yes,yes
acr-040,40ACR_75X95.JPG,image/jpeg,I am not the first to be taken by a beautiful woman,أنا لست بالحسناء أوّل مولع,Naskh,خط النسخ,Painting on plexiglass. The inscription “I am not the first to be taken by a beautiful woman” is written in Naskh. Dimensions: 75 × 95 cm.,رسم على الأكريليك. نقش «أنا لست بالحسناء أوّل مولع» مكتوب بخط النسخ. المقاس: 75 × 95 سم.,Muhammed Saied Kalash,محمد سعيد كلش,,,Plexiglass; Text; Calligraphy; Naskh,أكريليك؛ خط؛ خط عربي؛ خط النسخ,Plexiglass,أكريليك,Painting on plexiglass,رسم على الأكريليك,Text,خط,75 × 95 cm,ara; eng,Image;StillImage,انا لست بالحسناء أول مولع,40,259,glass acrylic/40ACR_75X95.JPG,,no,yes
acr-044,44ACR_74X54.JPG,image/jpeg,"In the love of God, all are equal",الكل في عشق الإله سواء,Kufic,كوفي,"Painting on plexiglass. The inscription “In the love of God, all are equal” is written in Kufic. Dimensions: 74 × 54 cm.",رسم على الأكريليك. نقش «الكل في عشق الإله سواء» مكتوب بالكوفي. المقاس: 74 × 54 سم.,Muhammed Saied Kalash,محمد سعيد كلش,,,Plexiglass; Text; Calligraphy; Kufic,أكريليك؛ خط؛ خط عربي؛ كوفي,Plexiglass,أكريليك,Painting on plexiglass,رسم على الأكريليك,Text,خط,74 × 54 cm,ara; eng,Image;StillImage,الكل في عشق الاله سواء,44,260,glass acrylic/44ACR_74X54.JPG,,yes,yes
acr-046,46ACR_55X75.JPG,image/jpeg,In Jerusalem — I mean inside the old wall — I walk from time to time without memory,في القدس، أعني داخل السور القديم، أسير من زمن إلى زمن بلا ذكرى,Naskh and Thuluth,خط النسخ وخط الثلث,Painting on plexiglass. The inscription “In Jerusalem — I mean inside the old wall — I walk from time to time without memory” is written in Naskh and Thuluth. Dated 2021. Dimensions: 55 × 75 cm.,رسم على الأكريليك. نقش «في القدس، أعني داخل السور القديم، أسير من زمن إلى زمن بلا ذكرى» مكتوب بخط النسخ وخط الثلث. أُنجز عام ٢٠٢١. المقاس: 55 × 75 سم.,Muhammed Saied Kalash,محمد سعيد كلش,2021,,Plexiglass; Text; Calligraphy; Naskh and Thuluth,أكريليك؛ خط؛ خط عربي؛ خط النسخ وخط الثلث,Plexiglass,أكريليك,Painting on plexiglass,رسم على الأكريليك,Text,خط,55 × 75 cm,ara; eng,Image;StillImage,في القدس اعني داخل السور القديم، اسير من زمن الئ زمن بلا ذكرى,46,261,glass acrylic/46ACR_55X75.JPG,,no,yes
acr-047,47ACR_55X75.JPG,image/jpeg,God will suffice you against them,فسيكفيكهم الله,Naskh and Thuluth,خط النسخ وخط الثلث,Painting on plexiglass. The inscription “God will suffice you against them” is written in Naskh and Thuluth. Dimensions: 55 × 75 cm.,رسم على الأكريليك. نقش «فسيكفيكهم الله» مكتوب بخط النسخ وخط الثلث. المقاس: 55 × 75 سم.,Muhammed Saied Kalash,محمد سعيد كلش,,,Plexiglass; Text; Calligraphy; Naskh and Thuluth,أكريليك؛ خط؛ خط عربي؛ خط النسخ وخط الثلث,Plexiglass,أكريليك,Painting on plexiglass,رسم على الأكريليك,Text,خط,55 × 75 cm,ara; eng,Image;StillImage,فسيكفيكهم الله,47,262,glass acrylic/47ACR_55X75.JPG,,no,yes
acr-048,48ACR_55X75.JPG,image/jpeg,Patience,صبراً,Thuluth,خط الثلث,Painting on plexiglass. The inscription “Patience” is written in Thuluth. Dimensions: 55 × 75 cm.,رسم على الأكريليك. نقش «صبراً» مكتوب بخط الثلث. المقاس: 55 × 75 سم.,Muhammed Saied Kalash,محمد سعيد كلش,,,Plexiglass; Text; Calligraphy; Thuluth,أكريليك؛ خط؛ خط عربي؛ خط الثلث,Plexiglass,أكريليك,Painting on plexiglass,رسم على الأكريليك,Text,خط,55 × 75 cm,ara; eng,Image;StillImage,صبرا,48,263,glass acrylic/48ACR_55X75.JPG,,no,yes
acr-050,50ACR_55X75.JPG,image/jpeg,At the end of the night I wrote two verses for the eyes of the one who is worth all creation…,كتبت أنا في تالي الليل بيتين لعيون من يسوى جميع الخلايق,Naskh,خط النسخ,Painting on plexiglass. The inscription “At the end of the night I wrote two verses for the eyes of the one who is worth all creation…” is written in Naskh. Dimensions: 55 × 75 cm. Full inscription is given in Arabic.,رسم على الأكريليك. نقش «كتبت أنا في تالي الليل بيتين لعيون من يسوى جميع الخلايق» مكتوب بخط النسخ. المقاس: 55 × 75 سم. النص الكامل: كتبت انا في تالي الليل بيتين لعيون من يسوى جميع الخلايق> الي معاهدني على الزين والشين، والي بشوفه يصبح الفكر رايق، الصاحب الى منزله داخل العين رايق، هو الخوى وقت السعة والضوايق,Muhammed Saied Kalash,محمد سعيد كلش,,,Plexiglass; Text; Calligraphy; Naskh,أكريليك؛ خط؛ خط عربي؛ خط النسخ,Plexiglass,أكريليك,Painting on plexiglass,رسم على الأكريليك,Text,خط,55 × 75 cm,ara; eng,Image;StillImage,كتبت انا في تالي الليل بيتين لعيون من يسوى جميع الخلايق> الي معاهدني على الزين والشين، والي بشوفه يصبح الفكر رايق، الصاحب الى منزله داخل العين رايق، هو الخوى وقت السعة والضوايق,50,264,glass acrylic/50ACR_55X75.JPG,,no,yes
acr-051,51ACR_55X75.JPG,image/jpeg,Remember Me; I will remember you. Be grateful to Me and do not deny Me,فاذكروني أذكركم واشكروا لي ولا تكفرون,Naskh and Thuluth,خط النسخ وخط الثلث,Painting on plexiglass. The inscription “Remember Me; I will remember you. Be grateful to Me and do not deny Me” is written in Naskh and Thuluth. Dimensions: 55 × 75 cm.,رسم على الأكريليك. نقش «فاذكروني أذكركم واشكروا لي ولا تكفرون» مكتوب بخط النسخ وخط الثلث. المقاس: 55 × 75 سم.,Muhammed Saied Kalash,محمد سعيد كلش,,,Plexiglass; Text; Calligraphy; Naskh and Thuluth,أكريليك؛ خط؛ خط عربي؛ خط النسخ وخط الثلث,Plexiglass,أكريليك,Painting on plexiglass,رسم على الأكريليك,Text,خط,55 × 75 cm,ara; eng,Image;StillImage,فاذكروني اذكركم واشكروني ولا تكفرون,51,265,glass acrylic/51ACR_55X75.JPG,,no,yes
acr-052,52ACR_53X73.JPG,image/jpeg,On this earth is what deserves life (Mahmoud Darwish),على هذه الأرض ما يستحق الحياة,Naskh,خط النسخ,Painting on plexiglass. The inscription “On this earth is what deserves life (Mahmoud Darwish)” is written in Naskh. Dated 2021. Dimensions: 53 × 73 cm.,رسم على الأكريليك. نقش «على هذه الأرض ما يستحق الحياة» مكتوب بخط النسخ. أُنجز عام ٢٠٢١. المقاس: 53 × 73 سم.,Muhammed Saied Kalash,محمد سعيد كلش,2021,,Plexiglass; Text; Calligraphy; Naskh,أكريليك؛ خط؛ خط عربي؛ خط النسخ,Plexiglass,أكريليك,Painting on plexiglass,رسم على الأكريليك,Text,خط,53 × 73 cm,ara; eng,Image;StillImage,على هذه الارض ما يستحق الحياة,52,266,glass acrylic/52ACR_53X73.JPG,,no,yes
acr-054,54ACR_43X57.JPG,image/jpeg,On this earth is what deserves life (Mahmoud Darwish),على هذه الأرض ما يستحق الحياة,Naskh,خط النسخ,Painting on plexiglass. The inscription “On this earth is what deserves life (Mahmoud Darwish)” is written in Naskh. Dated 2022. Dimensions: 43 × 57 cm.,رسم على الأكريليك. نقش «على هذه الأرض ما يستحق الحياة» مكتوب بخط النسخ. أُنجز عام ٢٠٢٢. المقاس: 43 × 57 سم.,Muhammed Saied Kalash,محمد سعيد كلش,2022,,Plexiglass; Text; Calligraphy; Naskh,أكريليك؛ خط؛ خط عربي؛ خط النسخ,Plexiglass,أكريليك,Painting on plexiglass,رسم على الأكريليك,Text,خط,43 × 57 cm,ara; eng,Image;StillImage,على هذه الارض ما يستحق الحياة,54,267,glass acrylic/54ACR_43X57.JPG,,yes,yes
acr-056,56ACR_43X57.JPG,image/jpeg,On this earth is what deserves life (Mahmoud Darwish),على هذه الأرض ما يستحق الحياة,Naskh,خط النسخ,Painting on plexiglass. The inscription “On this earth is what deserves life (Mahmoud Darwish)” is written in Naskh. Dimensions: 43 × 57 cm.,رسم على الأكريليك. نقش «على هذه الأرض ما يستحق الحياة» مكتوب بخط النسخ. المقاس: 43 × 57 سم.,Muhammed Saied Kalash,محمد سعيد كلش,,,Plexiglass; Text; Calligraphy; Naskh,أكريليك؛ خط؛ خط عربي؛ خط النسخ,Plexiglass,أكريليك,Painting on plexiglass,رسم على الأكريليك,Text,خط,43 × 57 cm,ara; eng,Image;StillImage,على هذه الارض ما يستحق الحياة,56,268,glass acrylic/56ACR_43X57.JPG,,no,yes
acr-063,63ACR_80X107.jpg,image/jpeg,Surah Al-Kafirun,سورة الكافرون,Naskh,خط النسخ,Painting on plexiglass. The inscription “Surah Al-Kafirun” is written in Naskh. Dimensions: 80 × 107 cm.,رسم على الأكريليك. نقش «سورة الكافرون» مكتوب بخط النسخ. المقاس: 80 × 107 سم.,Muhammed Saied Kalash,محمد سعيد كلش,,,Plexiglass; Text; Calligraphy; Naskh,أكريليك؛ خط؛ خط عربي؛ خط النسخ,Plexiglass,أكريليك,Painting on plexiglass,رسم على الأكريليك,Text,خط,80 × 107 cm,ara; eng,Image;StillImage,سورة الكافرون,63,269,glass acrylic/63ACR_80X107.jpg,,no,yes
acr-074,74ACR_74X54.jpg,image/jpeg,This is from the grace of my Lord,هذا من فضل ربي,Foliated Kufic,كوفي مزهر,Painting on plexiglass. The inscription “This is from the grace of my Lord” is written in Foliated Kufic. Dimensions: 74 × 54 cm.,رسم على الأكريليك. نقش «هذا من فضل ربي» مكتوب بالكوفي المزهر. المقاس: 74 × 54 سم.,Muhammed Saied Kalash,محمد سعيد كلش,,,Plexiglass; Text; Calligraphy; Foliated Kufic,أكريليك؛ خط؛ خط عربي؛ كوفي مزهر,Plexiglass,أكريليك,Painting on plexiglass,رسم على الأكريليك,Text,خط,74 × 54 cm,ara; eng,Image;StillImage,هذا من فضل ربي,74,270,glass acrylic/74ACR_74X54.jpg,,no,yes
acr-075,75ACR_74X54.jpg,image/jpeg,"My Lord, expand for me my breast",ربِّ اشرح لي صدري,Thuluth,خط الثلث,"Painting on plexiglass. The inscription “My Lord, expand for me my breast” is written in Thuluth. Dimensions: 74 × 54 cm.",رسم على الأكريليك. نقش «ربِّ اشرح لي صدري» مكتوب بخط الثلث. المقاس: 74 × 54 سم.,Muhammed Saied Kalash,محمد سعيد كلش,,,Plexiglass; Text; Calligraphy; Thuluth,أكريليك؛ خط؛ خط عربي؛ خط الثلث,Plexiglass,أكريليك,Painting on plexiglass,رسم على الأكريليك,Text,خط,74 × 54 cm,ara; eng,Image;StillImage,ربي اشرح لي صدري,75,271,glass acrylic/75ACR_74X54.jpg,,no,yes
acr-078,78ACR_75X95.jpg,image/jpeg,"And if they incline to peace, then incline to it and rely upon God",وإن جنحوا للسلم فاجنح لها وتوكل على الله,Naskh and Thuluth,خط النسخ وخط الثلث,"Painting on plexiglass. The inscription “And if they incline to peace, then incline to it and rely upon God” is written in Naskh and Thuluth. Dimensions: 75 × 95 cm.",رسم على الأكريليك. نقش «وإن جنحوا للسلم فاجنح لها وتوكل على الله» مكتوب بخط النسخ وخط الثلث. المقاس: 75 × 95 سم.,Muhammed Saied Kalash,محمد سعيد كلش,,,Plexiglass; Text; Calligraphy; Naskh and Thuluth,أكريليك؛ خط؛ خط عربي؛ خط النسخ وخط الثلث,Plexiglass,أكريليك,Painting on plexiglass,رسم على الأكريليك,Text,خط,75 × 95 cm,ara; eng,Image;StillImage,وإن جنحوا للسلم فاجنح لها وتوكل على الله,78,272,glass acrylic/78ACR_75X95.jpg,,no,yes
acr-081,81ACR_98X120.jpg,image/jpeg,Surah Al-Ikhlas,سورة الإخلاص,Thuluth,خط الثلث,Painting on plexiglass. The inscription “Surah Al-Ikhlas” is written in Thuluth. Dated 2015. Dimensions: 98 × 120 cm.,رسم على الأكريليك. نقش «سورة الإخلاص» مكتوب بخط الثلث. أُنجز عام ٢٠١٥. المقاس: 98 × 120 سم.,Muhammed Saied Kalash,محمد سعيد كلش,2015,,Plexiglass; Text; Calligraphy; Thuluth,أكريليك؛ خط؛ خط عربي؛ خط الثلث,Plexiglass,أكريليك,Painting on plexiglass,رسم على الأكريليك,Text,خط,98 × 120 cm,ara; eng,Image;StillImage,سورة الاخلاص,81,273,glass acrylic/81ACR_98X120.jpg,,no,yes
acr-082,82ACR_107X167.jpg,image/jpeg,"Praise be to God, who guided us to this; we would not have been guided had God not guided us",الحمد لله الذي هدانا لهذا وما كنا لنهتدي لولا أن هدانا الله,Naskh,خط النسخ,"Painting on plexiglass. The inscription “Praise be to God, who guided us to this; we would not have been guided had God not guided us” is written in Naskh. Dated 2015. Dimensions: 107 × 167 cm.",رسم على الأكريليك. نقش «الحمد لله الذي هدانا لهذا وما كنا لنهتدي لولا أن هدانا الله» مكتوب بخط النسخ. أُنجز عام ٢٠١٥. المقاس: 107 × 167 سم.,Muhammed Saied Kalash,محمد سعيد كلش,2015,,Plexiglass; Text; Calligraphy; Naskh,أكريليك؛ خط؛ خط عربي؛ خط النسخ,Plexiglass,أكريليك,Painting on plexiglass,رسم على الأكريليك,Text,خط,107 × 167 cm,ara; eng,Image;StillImage,الحمدلله الذي هدانا لهذا وما كنا لنهتدي لولا ان هدانا الله,82,274,glass acrylic/82ACR_107X167.jpg,,no,yes
acr-083,83ACR_55X75.jpg,image/jpeg,On this earth is what deserves life (Mahmoud Darwish),على هذه الأرض ما يستحق الحياة,Naskh,خط النسخ,Painting on plexiglass. The inscription “On this earth is what deserves life (Mahmoud Darwish)” is written in Naskh. Dimensions: 55 × 75 cm.,رسم على الأكريليك. نقش «على هذه الأرض ما يستحق الحياة» مكتوب بخط النسخ. المقاس: 55 × 75 سم.,Muhammed Saied Kalash,محمد سعيد كلش,,,Plexiglass; Text; Calligraphy; Naskh,أكريليك؛ خط؛ خط عربي؛ خط النسخ,Plexiglass,أكريليك,Painting on plexiglass,رسم على الأكريليك,Text,خط,55 × 75 cm,ara; eng,Image;StillImage,على هذه الارض ما يستحق الحياة,83,275,glass acrylic/83ACR_55X75.jpg,,no,yes
acr-089,89ACR_75X95.jpg,image/jpeg,"I call you, I clasp your hands, and I kiss the earth under your shoes (Tawfiq Zayyad)",أناديكم، أشد على أياديكم، وأبوس الأرض تحت نعالكم,Naskh and Thuluth,خط النسخ وخط الثلث,"Painting on plexiglass. The inscription “I call you, I clasp your hands, and I kiss the earth under your shoes (Tawfiq Zayyad)” is written in Naskh and Thuluth. Dimensions: 75 × 95 cm.",رسم على الأكريليك. نقش «أناديكم، أشد على أياديكم، وأبوس الأرض تحت نعالكم» مكتوب بخط النسخ وخط الثلث. المقاس: 75 × 95 سم.,Muhammed Saied Kalash,محمد سعيد كلش,,,Plexiglass; Text; Calligraphy; Naskh and Thuluth,أكريليك؛ خط؛ خط عربي؛ خط النسخ وخط الثلث,Plexiglass,أكريليك,Painting on plexiglass,رسم على الأكريليك,Text,خط,75 × 95 cm,ara; eng,Image;StillImage,اناديكم اشد على اياديكم وابوس الارض تحت نعالكم,89,276,glass acrylic/89ACR_75X95.jpg,,no,yes
acr-090,90ACR_84X84.jpg,image/jpeg,Remember Me; I will remember you. Be grateful to Me and do not deny Me,فاذكروني أذكركم واشكروا لي ولا تكفرون,Naskh and Thuluth,خط النسخ وخط الثلث,Painting on plexiglass. The inscription “Remember Me; I will remember you. Be grateful to Me and do not deny Me” is written in Naskh and Thuluth. Dimensions: 84 × 84 cm.,رسم على الأكريليك. نقش «فاذكروني أذكركم واشكروا لي ولا تكفرون» مكتوب بخط النسخ وخط الثلث. المقاس: 84 × 84 سم.,Muhammed Saied Kalash,محمد سعيد كلش,,,Plexiglass; Text; Calligraphy; Naskh and Thuluth,أكريليك؛ خط؛ خط عربي؛ خط النسخ وخط الثلث,Plexiglass,أكريليك,Painting on plexiglass,رسم على الأكريليك,Text,خط,84 × 84 cm,ara; eng,Image;StillImage,فاذكروني اذكركم واشكروني ولا تكفرون,90,277,glass acrylic/90ACR_84X84.jpg,,no,yes
acr-091,91ACR_75X75.jpg,image/jpeg,Do not argue with the People of the Book except in the best way,ولا تجادلوا أهل الكتاب إلا بالتي هي أحسن,Naskh,خط النسخ,Painting on plexiglass. The inscription “Do not argue with the People of the Book except in the best way” is written in Naskh. Dated 2021. Dimensions: 75 × 75 cm.,رسم على الأكريليك. نقش «ولا تجادلوا أهل الكتاب إلا بالتي هي أحسن» مكتوب بخط النسخ. أُنجز عام ٢٠٢١. المقاس: 75 × 75 سم.,Muhammed Saied Kalash,محمد سعيد كلش,2021,,Plexiglass; Text; Calligraphy; Naskh,أكريليك؛ خط؛ خط عربي؛ خط النسخ,Plexiglass,أكريليك,Painting on plexiglass,رسم على الأكريليك,Text,خط,75 × 75 cm,ara; eng,Image;StillImage,ولا تجدلوا اهل الكتاب الا بالتي هي احسن,91,278,glass acrylic/91ACR_75X75.jpg,,no,yes
acr-092,92ACR_75X75.jpg,image/jpeg,"And We sent down from the sky blessed water, and caused to grow thereby gardens and grain of the harvest",وأنزلنا من السماء ماءً مباركاً فأنبتنا به جنات وحب الحصيد,Thuluth,خط الثلث,"Painting on plexiglass. The inscription “And We sent down from the sky blessed water, and caused to grow thereby gardens and grain of the harvest” is written in Thuluth. Dimensions: 75 × 75 cm.",رسم على الأكريليك. نقش «وأنزلنا من السماء ماءً مباركاً فأنبتنا به جنات وحب الحصيد» مكتوب بخط الثلث. المقاس: 75 × 75 سم.,Muhammed Saied Kalash,محمد سعيد كلش,,,Plexiglass; Text; Calligraphy; Thuluth,أكريليك؛ خط؛ خط عربي؛ خط الثلث,Plexiglass,أكريليك,Painting on plexiglass,رسم على الأكريليك,Text,خط,75 × 75 cm,ara; eng,Image;StillImage,وانزلنا من السماء ماء مباركا فأنبتنا به جنات وحب الحصيد,92,279,glass acrylic/92ACR_75X75.jpg,,no,yes
acr-093,93ACR_75X75.jpg,image/jpeg,"Our Lord, You will surely gather the people for a Day about which there is no doubt. God does not fail in His promise",ربنا إنك جامع الناس ليوم لا ريب فيه إن الله لا يخلف الميعاد,Naskh,خط النسخ,"Painting on plexiglass. The inscription “Our Lord, You will surely gather the people for a Day about which there is no doubt. God does not fail in His promise” is written in Naskh. Recent work. Dimensions: 75 × 75 cm.",رسم على الأكريليك. نقش «ربنا إنك جامع الناس ليوم لا ريب فيه إن الله لا يخلف الميعاد» مكتوب بخط النسخ. من الأعمال الحديثة. المقاس: 75 × 75 سم.,Muhammed Saied Kalash,محمد سعيد كلش,,recent,Plexiglass; Text; Calligraphy; Naskh,أكريليك؛ خط؛ خط عربي؛ خط النسخ,Plexiglass,أكريليك,Painting on plexiglass,رسم على الأكريليك,Text,خط,75 × 75 cm,ara; eng,Image;StillImage,ربنا انك جامع الناس ليوم لا ريب فيه ان الله لا خلف الميعاد,93,280,glass acrylic/93ACR_75X75.jpg,,no,yes
acr-094,94ACR_75X95.jpg,image/jpeg,"And say: Act, for God will see your deeds, and His Messenger and the believers (At-Tawbah 105)",وقل اعملوا فسيرى الله عملكم ورسوله والمؤمنون,Thuluth,خط الثلث,"Painting on plexiglass. The inscription “And say: Act, for God will see your deeds, and His Messenger and the believers (At-Tawbah 105)” is written in Thuluth. Dimensions: 75 × 95 cm.",رسم على الأكريليك. نقش «وقل اعملوا فسيرى الله عملكم ورسوله والمؤمنون» مكتوب بخط الثلث. المقاس: 75 × 95 سم.,Muhammed Saied Kalash,محمد سعيد كلش,,,Plexiglass; Text; Calligraphy; Thuluth,أكريليك؛ خط؛ خط عربي؛ خط الثلث,Plexiglass,أكريليك,Painting on plexiglass,رسم على الأكريليك,Text,خط,75 × 95 cm,ara; eng,Image;StillImage,وقل اعملوا فسيرى الله عملكم ورسوله والمؤمنون,94,281,glass acrylic/94ACR_75X95.jpg,,no,yes
acr-095,95ACR_75X75.jpg,image/jpeg,And there is beauty in them for you when you bring them home and when you take them out to pasture,ولكم فيها جمال حين تريحون وحين تسرحون,Thuluth,خط الثلث,Painting on plexiglass. The inscription “And there is beauty in them for you when you bring them home and when you take them out to pasture” is written in Thuluth. Dimensions: 75 × 75 cm.,رسم على الأكريليك. نقش «ولكم فيها جمال حين تريحون وحين تسرحون» مكتوب بخط الثلث. المقاس: 75 × 75 سم.,Muhammed Saied Kalash,محمد سعيد كلش,,,Plexiglass; Text; Calligraphy; Thuluth,أكريليك؛ خط؛ خط عربي؛ خط الثلث,Plexiglass,أكريليك,Painting on plexiglass,رسم على الأكريليك,Text,خط,75 × 75 cm,ara; eng,Image;StillImage,ولكم فيها جمال حين تربحون وحين تسرحون,95,282,glass acrylic/95ACR_75X75.jpg,,no,yes
acr-096,96ACR_105X75.jpg,image/jpeg,The Most Beautiful Names of God,أسماء الله الحسنى,Square Kufic,كوفي مربّع,Painting on plexiglass. The inscription “The Most Beautiful Names of God” is written in Square Kufic. Dimensions: 105 × 75 cm.,رسم على الأكريليك. نقش «أسماء الله الحسنى» مكتوب بالكوفي المربّع. المقاس: 105 × 75 سم.,Muhammed Saied Kalash,محمد سعيد كلش,,,Plexiglass; Text; Calligraphy; Square Kufic,أكريليك؛ خط؛ خط عربي؛ كوفي مربّع,Plexiglass,أكريليك,Painting on plexiglass,رسم على الأكريليك,Text,خط,105 × 75 cm,ara; eng,Image;StillImage,اسماء الله الحسنى,96,283,glass acrylic/96ACR_105X75.jpg,,no,yes
acr-097,97ACR_75X94.jpg,image/jpeg,God is beautiful and loves beauty,إن الله جميل يحب الجمال,Naskh and Thuluth,خط النسخ وخط الثلث,Painting on plexiglass. The inscription “God is beautiful and loves beauty” is written in Naskh and Thuluth. Dimensions: 75 × 94 cm.,رسم على الأكريليك. نقش «إن الله جميل يحب الجمال» مكتوب بخط النسخ وخط الثلث. المقاس: 75 × 94 سم.,Muhammed Saied Kalash,محمد سعيد كلش,,,Plexiglass; Text; Calligraphy; Naskh and Thuluth,أكريليك؛ خط؛ خط عربي؛ خط النسخ وخط الثلث,Plexiglass,أكريليك,Painting on plexiglass,رسم على الأكريليك,Text,خط,75 × 94 cm,ara; eng,Image;StillImage,إن الله جميل يحب الجمال,97,284,glass acrylic/97ACR_75X94.jpg,,no,yes
acr-098,98ACR_75X75.jpg,image/jpeg,"O my people, O oud of ambergris: we remain true to the covenant",يا شعبي يا عود الند إنا باقون على العهد,Thuluth,خط الثلث,"Painting on plexiglass. The inscription “O my people, O oud of ambergris: we remain true to the covenant” is written in Thuluth. Dimensions: 75 × 75 cm.",رسم على الأكريليك. نقش «يا شعبي يا عود الند إنا باقون على العهد» مكتوب بخط الثلث. المقاس: 75 × 75 سم.,Muhammed Saied Kalash,محمد سعيد كلش,,,Plexiglass; Text; Calligraphy; Thuluth,أكريليك؛ خط؛ خط عربي؛ خط الثلث,Plexiglass,أكريليك,Painting on plexiglass,رسم على الأكريليك,Text,خط,75 × 75 cm,ara; eng,Image;StillImage,يا شعبي يا عود الند إنا باقون على العهد,98,285,glass acrylic/98ACR_75X75.jpg,,no,yes
acr-099,99ACR_99X73.jpg,image/jpeg,Write at the top of the first page: I do not hate people and I assault no one (Mahmoud Darwish),سجّل برأس الصفحة الأولى: أنا لا أكره الناس ولا أسطو على أحد,Kufic and Naskh,كوفي وخط النسخ,Painting on plexiglass. The inscription “Write at the top of the first page: I do not hate people and I assault no one (Mahmoud Darwish)” is written in Kufic and Naskh. Dated 2015. Dimensions: 99 × 73 cm.,رسم على الأكريليك. نقش «سجّل برأس الصفحة الأولى: أنا لا أكره الناس ولا أسطو على أحد» مكتوب بالكوفي وخط النسخ. أُنجز عام ٢٠١٥. المقاس: 99 × 73 سم.,Muhammed Saied Kalash,محمد سعيد كلش,2015,,Plexiglass; Text; Calligraphy; Kufic and Naskh,أكريليك؛ خط؛ خط عربي؛ كوفي وخط النسخ,Plexiglass,أكريليك,Painting on plexiglass,رسم على الأكريليك,Text,خط,99 × 73 cm,ara; eng,Image;StillImage,سجل برأس الصفحة الاولى انا لا اكرهالناس ولا اسطو على احد,99,286,glass acrylic/99ACR_99X73.jpg,,no,yes
acr-130,130ACR_54X75.JPG,image/jpeg,Say: I seek refuge in the Lord of daybreak (Al-Falaq),قل أعوذ برب الفلق,Thuluth,خط الثلث,Painting on plexiglass. The inscription “Say: I seek refuge in the Lord of daybreak (Al-Falaq)” is written in Thuluth. Dimensions: 54 × 75 cm.,رسم على الأكريليك. نقش «قل أعوذ برب الفلق» مكتوب بخط الثلث. المقاس: 54 × 75 سم.,Muhammed Saied Kalash,محمد سعيد كلش,,,Plexiglass; Text; Calligraphy; Thuluth,أكريليك؛ خط؛ خط عربي؛ خط الثلث,Plexiglass,أكريليك,Painting on plexiglass,رسم على الأكريليك,Text,خط,54 × 75 cm,ara; eng,Image;StillImage,قل اعوذ برب الفلق,130,287,glass acrylic/130ACR_54X75.JPG,,no,yes
acr-136,136ACR_105X36.JPG,image/jpeg,"He is God, the Creator, the Inventor, the Fashioner; to Him belong the most beautiful names",هو الله الخالق البارئ المصور له الأسماء الحسنى له ما في السموات والأرض,Thuluth,خط الثلث,"Painting on plexiglass. The inscription “He is God, the Creator, the Inventor, the Fashioner; to Him belong the most beautiful names” is written in Thuluth. Dimensions: 105 × 36 cm.",رسم على الأكريليك. نقش «هو الله الخالق البارئ المصور له الأسماء الحسنى له ما في السموات والأرض» مكتوب بخط الثلث. المقاس: 105 × 36 سم.,Muhammed Saied Kalash,محمد سعيد كلش,,,Plexiglass; Text; Calligraphy; Thuluth,أكريليك؛ خط؛ خط عربي؛ خط الثلث,Plexiglass,أكريليك,Painting on plexiglass,رسم على الأكريليك,Text,خط,105 × 36 cm,ara; eng,Image;StillImage,هو الله الخالق البارئ المصور له الاسماء الحسنى له ما في السموات والارض,136,288,glass acrylic/136ACR_105X36.JPG,,no,yes
acr-143,144ACR_75X35.JPG,image/jpeg,"O you who believe, seek help through patience and prayer; God is with the patient",يا أيها الذين آمنوا استعينوا بالصبر والصلاة إن الله مع الصابرين,Naskh and Thuluth,خط النسخ وخط الثلث,"Painting on plexiglass. The inscription “O you who believe, seek help through patience and prayer; God is with the patient” is written in Naskh and Thuluth. Dimensions: 75 × 35 cm.",رسم على الأكريليك. نقش «يا أيها الذين آمنوا استعينوا بالصبر والصلاة إن الله مع الصابرين» مكتوب بخط النسخ وخط الثلث. المقاس: 75 × 35 سم.,Muhammed Saied Kalash,محمد سعيد كلش,,,Plexiglass; Text; Calligraphy; Naskh and Thuluth,أكريليك؛ خط؛ خط عربي؛ خط النسخ وخط الثلث,Plexiglass,أكريليك,Painting on plexiglass,رسم على الأكريليك,Text,خط,75 × 35 cm,ara; eng,Image;StillImage,يا ايها الذين آمنوا استعينوا بالصبر والصلاة ان الله مع الصابرين,143,289,glass acrylic/144ACR_75X35.JPG,,no,yes
acr-019,19ACR_1_89X89.JPG,image/jpeg,Birds (LED light),طيور (إضاءة LED),,,Painting on plexiglass. A decorative composition: Birds (LED light). Dated 2021. Dimensions: 89 × 89 cm.,رسم على الأكريليك. تكوين زخرفي: طيور (إضاءة LED). أُنجز عام ٢٠٢١. المقاس: 89 × 89 سم.,Muhammed Saied Kalash,محمد سعيد كلش,2021,,Plexiglass; Ornament,أكريليك؛ زخرفة,Plexiglass,أكريليك,Painting on plexiglass,رسم على الأكريليك,Ornament,زخرفة,89 × 89 cm,ara; eng,Image;StillImage,Birds (LED light) 2_images,19,290,glass acrylic/19ACR_1_89X89.JPG,19ACR_2_89X89.JPG,yes,yes
acr-035,35ACR_56X95.JPG,image/jpeg,Eight tiles,ثماني بلاطات,,,Painting on plexiglass. A decorative composition: Eight tiles. Dimensions: 56 × 95 cm.,رسم على الأكريليك. تكوين زخرفي: ثماني بلاطات. المقاس: 56 × 95 سم.,Muhammed Saied Kalash,محمد سعيد كلش,,,Plexiglass; Ornament,أكريليك؛ زخرفة,Plexiglass,أكريليك,Painting on plexiglass,رسم على الأكريليك,Ornament,زخرفة,56 × 95 cm,ara; eng,Image;StillImage,8 Tiles,35,291,glass acrylic/35ACR_56X95.JPG,,no,yes
acr-041,41ACR_66X154.JPG,image/jpeg,Twenty-one tiles,إحدى وعشرون بلاطة,,,Painting on plexiglass. A decorative composition: Twenty-one tiles. Dimensions: 66 × 154 cm.,رسم على الأكريليك. تكوين زخرفي: إحدى وعشرون بلاطة. المقاس: 66 × 154 سم.,Muhammed Saied Kalash,محمد سعيد كلش,,,Plexiglass; Ornament,أكريليك؛ زخرفة,Plexiglass,أكريليك,Painting on plexiglass,رسم على الأكريليك,Ornament,زخرفة,66 × 154 cm,ara; eng,Image;StillImage,21 Tiles,41,292,glass acrylic/41ACR_66X154.JPG,,no,yes
acr-062,62ACR_1_95X195.jpg,image/jpeg,Tree of paradise (LED),شجرة الجنة (إضاءة LED),,,Painting on plexiglass. A decorative composition: Tree of paradise (LED). Dimensions: 95 × 195 cm.,رسم على الأكريليك. تكوين زخرفي: شجرة الجنة (إضاءة LED). المقاس: 95 × 195 سم.,Muhammed Saied Kalash,محمد سعيد كلش,,,Plexiglass; Ornament,أكريليك؛ زخرفة,Plexiglass,أكريليك,Painting on plexiglass,رسم على الأكريليك,Ornament,زخرفة,95 × 195 cm,ara; eng,Image;StillImage,tree of paradise (LED),62,293,glass acrylic/62ACR_1_95X195.jpg,62ACR_2_95X195.jpg,no,yes
acr-079,79ACR_90X90.jpg,image/jpeg,Birds,طيور,,,Painting on plexiglass. A decorative composition: Birds. Dated 2021. Dimensions: 90 × 90 cm.,رسم على الأكريليك. تكوين زخرفي: طيور. أُنجز عام ٢٠٢١. المقاس: 90 × 90 سم.,Muhammed Saied Kalash,محمد سعيد كلش,2021,,Plexiglass; Ornament,أكريليك؛ زخرفة,Plexiglass,أكريليك,Painting on plexiglass,رسم على الأكريليك,Ornament,زخرفة,90 × 90 cm,ara; eng,Image;StillImage,Birds,79,294,glass acrylic/79ACR_90X90.jpg,,no,yes
acr-080,80ACR_1_95X95.jpg,image/jpeg,Sixteen tiles (LED),ست عشرة بلاطة (إضاءة LED),,,Painting on plexiglass. A decorative composition: Sixteen tiles (LED). Dimensions: 95 × 95 cm.,رسم على الأكريليك. تكوين زخرفي: ست عشرة بلاطة (إضاءة LED). المقاس: 95 × 95 سم.,Muhammed Saied Kalash,محمد سعيد كلش,,,Plexiglass; Ornament,أكريليك؛ زخرفة,Plexiglass,أكريليك,Painting on plexiglass,رسم على الأكريليك,Ornament,زخرفة,95 × 95 cm,ara; eng,Image;StillImage,16 tiles (LED) 2 images,80,295,glass acrylic/80ACR_1_95X95.jpg,80ACR_2_95X95.jpg,no,yes
acr-150,150ACR_33X75.JPG,image/jpeg,Islamic geometry,هندسة إسلامية,,,Painting on plexiglass. A geometric composition: Islamic geometry. Dated 2019. Dimensions: 33 × 75 cm.,رسم على الأكريليك. تكوين هندسي: هندسة إسلامية. أُنجز عام ٢٠١٩. المقاس: 33 × 75 سم.,Muhammed Saied Kalash,محمد سعيد كلش,2019,,Plexiglass; Geometry,أكريليك؛ هندسة,Plexiglass,أكريليك,Painting on plexiglass,رسم على الأكريليك,Geometry,هندسة,33 × 75 cm,ara; eng,Image;StillImage,islamic geometry,150,296,glass acrylic/150ACR_33X75.JPG,,no,yes
